stop_id,arrival_time,departure_time,departure_stop_id,route,transfer_route,initial_walk_time,radius_ft
5,12:27,12:25,336,80,null,6,1320
10,12:36,12:27,5,80,null,16,1320
11,12:36,12:27,5,80,null,16,1320
39,12:32,12:27,5,80,null,19,1320
40,12:35,12:27,5,80,null,19,1320
52,12:38,12:27,5,80,null,9,1320
60,12:38,12:27,5,80,null,11,1320
61,12:28,12:27,5,80,null,10,1320
73,12:31,12:27,5,80,null,17,1320
77,12:30,12:27,5,80,null,14,1320
87,12:46,12:21,581,19,null,26,1320
91,12:34,12:27,5,80,null,19,1320
100,12:26,12:15,5,80,2,13,1320
104,12:40,12:23,438,80,4,9,1320
107,13:07,12:21,581,19,5,43,0
113,13:12,12:21,581,19,5,25,0
115,12:49,12:36,692,19,6,17,1320
121,12:23,12:06,581,3,4,72,0
133,12:44,12:36,692,19,10,6,1320
146,12:18,12:06,581,3,4,42,1133
158,12:13,12:06,581,3,4,23,1320
160,12:12,12:12,178,15,null,1,1320
161,12:44,12:21,581,19,null,34,561
167,12:42,12:06,581,3,4,19,1056
168,13:08,12:27,581,2,5,34,0
170,12:21,12:06,581,3,4,65,0
171,13:03,12:21,581,19,5,67,0
173,12:23,12:06,581,3,4,73,0
174,12:45,12:21,581,19,5,38,0
178,12:12,12:06,581,3,15,4,1320
180,13:04,12:27,5,80,6,14,1320
181,13:06,12:21,581,19,5,48,0
184,12:40,12:39,488,80,null,5,1320
190,12:11,12:06,581,3,4,14,1320
197,13:04,12:21,581,19,5,58,0
208,12:36,12:27,5,80,6,12,1320
222,12:50,12:21,581,19,5,62,0
225,13:13,12:21,581,19,5,25,0
234,12:27,12:15,5,80,2,9,1320
235,12:17,12:02,809,1,5,34,1320
248,12:41,12:21,581,19,null,41,0
251,13:10,12:21,581,19,5,30,0
252,12:45,12:26,581,15,null,28,1320
256,12:55,12:27,5,80,13,8,1320
265,12:25,12:15,5,80,6,20,1320
266,12:17,12:06,581,3,4,38,1320
274,13:08,12:27,581,2,5,31,0
288,12:16,12:06,581,3,4,31,1320
298,12:45,12:41,532,80,80,7,1320
300,12:39,12:06,581,3,4,28,0
313,12:28,12:21,581,19,null,35,1320
320,12:51,12:21,581,19,5,67,0
327,12:48,12:36,692,19,6,15,1320
336,12:25,12:23,438,80,null,3,1320
349,13:01,12:36,692,19,3,12,1320
353,12:22,12:06,581,3,4,71,0
360,12:46,12:21,581,19,5,42,0
375,12:41,12:06,581,3,4,22,654
388,12:34,12:27,5,80,6,15,1320
391,12:33,12:06,581,3,4,59,0
392,12:10,12:06,581,3,4,11,1320
398,12:36,12:27,5,80,6,11,1320
405,12:33,12:06,581,3,4,64,0
406,12:38,12:27,5,80,6,13,1320
418,12:40,12:21,581,19,5,27,1320
428,12:47,12:26,581,15,null,24,1320
435,12:19,12:17,581,10,null,19,1320
438,12:23,12:21,298,80,null,7,1320
441,12:45,12:06,581,3,4,9,1320
445,12:44,12:06,581,3,4,11,1320
454,12:20,12:19,542,3,null,9,1320
455,12:23,12:21,581,19,null,15,1320
456,12:21,12:06,581,3,4,59,0
459,12:15,12:06,581,3,4,29,1320
469,13:14,12:21,581,19,5,26,0
470,12:21,12:17,581,10,null,25,1320
475,13:02,12:21,581,19,5,68,0
480,13:02,12:27,581,2,10,28,0
483,12:50,12:36,692,19,6,16,1320
488,12:39,12:27,5,80,null,6,1320
499,12:32,12:06,581,3,4,70,0
505,12:26,12:15,5,80,6,24,1320
506,12:59,12:21,581,19,6,22,140
512,12:39,12:21,581,19,5,29,1320
516,12:41,12:21,581,19,5,25,1320
519,12:37,12:06,581,3,4,36,0
520,12:23,12:17,581,10,null,32,1320
530,12:18,12:06,581,3,4,46,434
532,12:41,12:40,184,80,null,7,1320
533,12:46,12:36,692,19,6,13,1320
536,12:19,12:06,581,3,4,49,0
538,13:03,12:27,5,80,6,13,1320
542,12:19,12:18,160,3,null,7,1320
548,12:35,12:27,5,80,6,14,1320
549,12:27,12:15,5,80,6,27,1320
555,13:01,12:57,581,2,null,25,1320
561,12:51,12:36,692,19,6,15,1320
564,12:42,12:21,581,19,null,38,193
567,12:34,12:29,581,10,null,33,1320
568,12:48,12:26,581,15,null,20,1320
573,12:21,12:21,298,80,null,5,1320
581,12:03,12:02,809,1,null,6,1320
583,12:47,12:36,692,19,6,12,1320
588,12:49,12:21,581,19,5,58,0
590,12:31,12:06,581,3,4,73,0
593,12:46,12:21,581,19,null,28,1320
597,12:35,12:29,581,10,null,37,1320
624,12:12,12:06,581,3,4,18,1320
633,13:11,12:21,581,19,5,25,0
643,13:03,12:21,581,19,5,62,0
668,12:43,12:21,581,19,null,36,373
670,12:31,12:15,5,80,19,18,1320
688,12:58,12:21,581,19,6,25,0
692,12:36,12:35,160,19,null,7,1320
706,12:23,12:23,438,80,null,5,1320
710,12:22,12:17,581,10,null,30,1320
739,12:43,12:06,581,3,4,13,1320
741,12:57,12:57,581,2,null,9,1320
745,13:05,12:21,581,19,5,54,0
751,13:02,12:36,692,19,3,9,1320
758,13:00,12:27,581,2,10,36,0
765,12:33,12:27,5,80,null,19,1320
768,12:40,12:21,581,19,5,26,1320
770,12:42,12:21,581,19,5,24,1320
782,12:32,12:06,581,3,4,71,0
791,12:30,12:21,581,19,null,38,1320
803,12:28,12:15,5,80,6,29,1320
809,12:20,12:19,133,19,null,2,1320
837,12:44,12:06,581,3,4,10,1320
839,12:33,12:29,581,10,null,28,1320
840,12:43,12:21,581,19,5,25,1320
841,12:43,12:06,581,3,4,15,1320
843,12:36,12:06,581,3,4,47,0
845,12:35,12:06,581,3,4,51,0
866,12:37,12:27,5,80,6,11,1320
883,13:03,12:57,581,2,null,32,1320
890,12:47,12:21,581,19,5,48,0
898,12:44,12:26,581,15,null,30,1320
901,12:48,12:21,581,19,5,55,0
904,12:38,12:06,581,3,4,30,0
906,12:52,12:21,581,19,5,68,0
915,12:36,12:06,581,3,4,41,0
916,12:20,12:19,542,3,null,13,1320
918,13:01,12:27,581,2,10,32,0
926,13:00,12:21,581,19,6,19,537
941,13:00,12:57,581,2,null,22,1320
962,12:35,12:27,5,80,6,17,1320
965,12:44,12:21,581,19,null,32,1043
967,13:15,12:21,581,19,5,28,0
971,12:47,12:36,692,19,6,12,1320
989,12:17,12:02,809,1,5,32,1320
1100,12:37,12:21,581,19,null,38,1188
1101,13:05,12:57,581,2,null,39,1320
1105,13:06,12:36,581,3,null,134,0
1107,12:37,12:17,581,10,null,89,0
1112,12:54,12:29,581,10,null,106,0
1115,13:05,12:27,581,2,4,120,0
1117,13:04,12:27,581,2,4,115,0
1121,12:37,12:29,581,10,null,51,249
1122,13:02,12:27,581,2,2,101,0
1123,13:21,12:57,581,2,null,106,0
1125,12:36,12:17,581,10,null,85,0
1127,13:00,12:36,581,3,null,109,0
1131,12:43,12:29,581,10,null,90,0
1133,12:34,12:06,581,3,5,112,0
1138,13:04,12:27,581,2,5,44,0
1141,12:38,12:17,581,10,null,95,0
1143,12:32,12:17,581,10,null,87,0
1150,13:03,12:36,581,3,3,49,0
1151,12:38,12:29,581,10,null,56,0
1153,13:05,12:36,581,3,null,132,0
1156,13:03,12:27,581,2,2,97,0
1157,13:15,12:57,581,2,null,67,0
1160,12:52,12:17,581,10,null,93,0
1161,13:20,12:57,581,2,null,104,0
1163,12:18,12:02,809,1,5,36,1320
1167,12:28,12:17,581,10,null,60,0
1169,12:49,12:06,581,3,30,123,0
1177,12:46,12:27,581,2,null,84,0
1188,12:35,12:17,581,10,null,89,0
1190,13:05,12:36,581,3,10,65,0
1194,13:01,12:36,581,3,3,59,0
1199,12:38,12:15,5,80,6,65,0
1202,13:10,12:27,581,2,4,99,0
1206,12:46,12:06,581,3,34,130,0
1208,13:14,12:27,581,2,4,80,0
1209,12:39,12:29,581,10,null,63,0
1211,12:59,12:36,581,3,null,105,0
1213,12:55,12:36,581,3,null,78,0
1220,12:49,12:06,581,3,32,123,0
1223,12:35,12:29,581,10,null,40,1320
1225,13:03,12:36,581,3,null,124,0
1230,13:05,12:36,581,3,3,46,0
1233,12:39,12:17,581,10,null,102,0
1236,13:02,12:36,581,3,10,84,0
1241,12:41,12:15,5,80,6,84,0
1250,12:55,12:17,581,10,null,68,0
1254,13:02,12:27,581,2,2,105,0
1256,13:02,12:36,581,3,10,89,0
1260,12:31,12:17,581,10,null,83,0
1261,13:08,12:57,581,2,null,40,1320
1264,13:11,12:27,581,2,4,92,0
1269,12:45,12:15,5,80,6,114,0
1270,12:46,12:06,581,3,5,133,0
1280,13:07,12:27,581,2,4,113,0
1293,12:33,12:06,581,3,5,106,0
1296,13:04,12:27,581,2,2,88,0
1301,12:40,12:17,581,10,null,106,0
1304,13:03,12:36,581,3,10,79,0
1305,12:33,12:17,581,10,null,91,0
1309,12:37,12:06,581,3,5,130,0
1310,12:43,12:26,581,15,null,35,1320
1311,12:42,12:14,133,10,4,107,0
1319,12:45,12:29,581,10,null,103,0
1323,12:34,12:15,5,80,6,43,0
1324,12:38,12:21,581,19,null,35,1320
1325,12:40,12:29,581,10,null,70,0
1326,12:45,12:14,133,10,4,118,0
1329,13:17,12:57,581,2,null,79,0
1333,12:41,12:29,581,10,null,80,0
1341,13:32,12:57,581,2,null,108,0
1343,12:40,12:14,133,10,4,96,0
1354,13:06,12:27,581,2,2,73,0
1358,13:00,12:17,581,10,null,41,0
1372,12:58,12:29,581,10,null,85,0
1379,12:47,12:27,581,2,null,89,0
1380,12:51,12:14,133,10,4,114,0
1382,12:57,12:29,581,10,null,88,0
1388,12:53,12:06,581,3,30,97,0
1390,13:06,12:27,581,2,4,118,0
1391,12:59,12:36,581,3,null,103,0
1394,12:47,12:14,133,10,4,110,0
1397,12:37,12:29,581,10,null,49,677
1398,12:53,12:06,581,3,30,99,0
1404,13:04,12:27,581,2,5,41,0
1410,13:31,12:57,581,2,null,106,0
1420,13:10,12:27,581,2,17,130,0
1427,12:48,12:14,133,10,4,107,0
1435,13:04,12:27,581,2,4,110,0
1437,12:36,12:06,581,3,5,126,0
1447,13:03,12:36,581,3,10,82,0
1453,12:35,12:15,5,80,6,51,0
1462,12:48,12:06,581,3,32,127,0
1472,13:14,12:27,581,2,4,83,0
1474,12:50,12:06,581,3,32,113,0
1478,12:47,12:06,581,3,5,129,0
1480,13:02,12:36,581,3,3,54,0
1481,12:46,12:15,5,80,6,120,0
1482,12:50,12:06,581,3,32,115,0
1486,13:06,12:36,581,3,3,42,0
1488,12:56,12:29,581,10,null,95,0
1495,13:07,12:57,581,2,null,39,1320
1499,12:39,12:14,133,10,4,90,0
1504,13:01,12:27,581,2,2,110,0
1505,12:29,12:17,581,10,null,68,0
1509,12:27,12:17,581,10,null,56,0
1513,12:40,12:15,5,80,6,78,0
1518,12:45,12:29,581,10,null,107,0
1526,13:15,12:27,581,2,4,77,0
1530,13:04,12:36,581,3,10,74,0
1533,13:18,12:57,581,2,null,87,0
1536,13:06,12:36,581,3,10,62,0
1538,13:10,12:27,581,2,4,96,0
1542,13:01,12:36,581,3,10,91,0
1555,12:47,12:06,581,3,34,128,0
1558,12:44,12:26,581,15,null,33,1320
1559,12:30,12:17,581,10,null,71,0
1565,12:37,12:15,5,80,6,58,0
1572,13:31,12:57,581,2,null,104,0
1575,12:40,12:14,133,10,4,94,0
1577,13:16,12:57,581,2,null,73,0
1579,12:35,12:15,5,80,6,47,0
1585,13:03,12:27,581,2,4,107,0
1595,12:41,12:29,581,10,null,76,0
1598,12:46,12:29,581,10,null,106,0
1605,13:05,12:27,581,2,4,117,0
1615,12:28,12:17,581,10,null,62,0
1628,12:50,12:06,581,3,30,116,0
1636,12:56,12:17,581,10,null,62,0
1643,12:58,12:36,581,3,null,96,0
1645,12:55,12:36,581,3,null,81,0
1659,12:41,12:14,133,10,4,99,0
1663,13:04,12:57,581,2,null,35,1320
1664,13:03,12:27,581,2,5,48,0
1675,12:44,12:29,581,10,null,94,0
1682,12:52,12:06,581,3,30,102,0
1689,12:30,12:17,581,10,null,75,0
1695,12:32,12:17,581,10,null,88,0
1704,12:51,12:17,581,10,null,100,0
1707,12:45,12:27,581,2,null,80,0
1710,12:51,12:06,581,3,30,109,0
1712,12:34,12:17,581,10,null,93,0
1715,13:20,12:57,581,2,null,101,0
1717,12:48,12:27,581,2,null,92,0
1720,13:02,12:36,581,3,3,56,0
1737,12:47,12:36,581,3,null,45,897
1748,12:51,12:06,581,3,32,109,0
1750,13:04,12:36,581,3,10,72,0
1751,12:37,12:06,581,3,5,127,0
1753,12:57,12:36,581,3,null,90,0
1757,12:46,12:15,5,80,6,124,0
1762,13:09,12:27,581,2,4,101,0
1767,13:14,12:57,581,2,null,69,0
1774,13:06,12:27,581,2,4,117,0
1777,12:44,12:14,133,10,4,117,0
1780,12:53,12:17,581,10,null,82,0
1784,13:01,12:36,581,3,10,94,0
1785,13:03,12:36,581,3,null,127,0
1786,12:47,12:06,581,3,5,131,0
1787,13:06,12:57,581,2,null,41,1320
1790,13:07,12:27,581,2,5,35,0
1798,12:54,12:17,581,10,null,73,0
1805,12:39,12:15,5,80,6,74,0
1809,13:04,12:36,581,3,null,130,0
1812,12:52,12:17,581,10,null,90,0
1813,12:31,12:17,581,10,null,79,0
1823,12:47,12:36,581,3,null,41,1320
1830,12:36,12:17,581,10,null,86,0
1831,12:36,12:29,581,10,null,45,1320
1834,13:01,12:27,581,2,5,55,0
1838,13:05,12:27,581,2,2,78,0
1839,12:49,12:36,581,3,null,49,0
1842,12:49,12:06,581,3,32,121,0
1843,12:42,12:29,581,10,null,83,0
1846,12:55,12:29,581,10,null,100,0
1852,12:46,12:14,133,10,4,115,0
1855,12:36,12:06,581,3,5,123,0
1872,12:40,12:21,581,19,null,42,0
1873,12:47,12:06,581,3,34,130,0
1878,13:05,12:36,581,3,10,68,0
1883,12:39,12:15,5,80,6,72,0
1886,12:46,12:06,581,3,34,133,0
1887,12:28,12:06,581,3,null,100,0
1890,12:48,12:06,581,3,5,127,0
1892,12:54,12:17,581,10,null,78,0
1895,13:01,12:27,581,2,20,114,0
1898,12:52,12:06,581,3,30,105,0
1901,12:56,12:36,581,3,null,87,0
1905,13:01,12:36,581,3,null,116,0
1910,13:04,12:36,581,3,10,76,0
1913,12:36,12:06,581,3,5,120,0
1922,13:01,12:27,581,2,2,107,0
1923,13:19,12:57,581,2,null,97,0
1928,12:51,12:06,581,3,30,113,0
1935,12:56,12:36,581,3,null,84,0
1936,13:07,12:27,581,2,2,67,0
1944,12:50,12:17,581,10,null,107,0
1949,12:44,12:29,581,10,null,99,0
1959,12:29,12:17,581,10,null,66,0
1961,12:58,12:36,581,3,null,93,0
1966,13:05,12:27,581,2,5,40,0
1968,13:03,12:27,581,2,2,91,0
1973,12:45,12:14,133,10,4,120,0
1975,12:35,12:06,581,3,5,115,0
1986,12:50,12:17,581,10,null,103,0
1995,12:33,12:17,581,10,null,94,0
1996,13:02,12:27,581,2,5,51,0
2007,12:41,12:30,692,2,80,23,1320
2014,12:29,12:11,532,80,null,49,0
2018,12:24,12:11,532,80,null,47,145
2023,12:17,12:11,532,80,null,33,1320
2026,12:24,12:11,532,80,null,49,0
2027,12:18,12:11,532,80,null,31,1320
2034,12:29,12:11,532,80,null,45,0
2039,12:27,12:11,532,80,null,54,0
2041,12:22,12:11,532,80,null,42,1265
2048,12:30,12:11,532,80,null,43,0
2050,12:32,12:11,532,80,null,32,1273
2053,12:48,12:41,532,80,null,25,1320
2054,12:26,12:11,532,80,null,55,0
2061,12:27,12:11,532,80,null,53,0
2071,12:28,12:11,532,80,null,53,0
2076,12:51,12:41,532,80,null,32,1320
2082,12:25,12:11,532,80,null,51,0
2088,12:15,12:11,532,80,null,26,1320
2091,12:52,12:41,532,80,null,30,1320
2100,12:22,12:12,160,15,null,75,0
2101,12:58,12:39,160,10,null,74,0
2105,12:54,12:19,542,3,null,69,0
2109,13:31,12:51,160,14,null,102,0
2111,13:05,12:30,692,2,6,73,0
2112,12:27,12:19,542,3,null,57,0
2114,12:29,12:19,542,3,null,72,0
2119,12:52,12:19,542,3,null,82,0
2121,13:06,12:30,692,2,2,80,0
2125,12:16,12:11,532,80,null,30,1320
2131,13:05,12:39,160,10,null,36,0
2132,12:25,12:19,542,3,null,46,1320
2134,12:45,12:27,5,80,6,54,0
2135,13:14,12:36,692,19,null,29,0
2137,13:11,12:30,692,2,6,41,0
2138,13:02,12:51,160,14,null,81,0
2139,12:58,12:19,542,3,null,37,0
2145,12:44,12:30,692,2,80,9,1320
2146,12:38,12:36,692,19,null,19,1320
2153,13:32,12:51,160,14,null,91,0
2160,13:03,12:30,692,2,67,97,0
2161,13:03,12:30,692,2,6,83,0
2162,13:04,12:51,160,14,null,104,0
2164,12:40,12:27,5,80,6,24,1320
2171,13:39,12:51,160,14,null,40,0
2173,13:13,12:36,692,19,null,38,0
2174,13:16,12:27,5,80,6,60,0
2175,12:49,12:39,160,10,null,80,0
2177,13:38,12:51,160,14,null,43,0
2178,12:53,12:27,5,80,6,99,0
2180,12:40,12:36,692,19,null,30,1320
2182,12:53,12:19,542,3,18,93,0
2183,13:31,12:51,160,14,null,96,0
2184,12:22,12:12,160,15,null,71,0
2191,13:01,12:39,160,10,null,61,0
2192,12:54,12:51,692,10,null,24,1320
2193,12:31,12:19,160,70,null,95,0
2195,12:43,12:30,692,2,80,12,1320
2196,13:04,12:51,160,14,null,100,0
2197,12:31,12:19,160,70,null,99,0
2199,13:16,13:00,692,2,null,68,0
2200,12:46,12:39,160,10,null,63,0
2201,13:05,12:30,692,2,2,88,0
2202,12:53,12:19,542,3,18,90,0
2204,12:58,12:51,160,14,null,55,0
2206,12:58,12:51,160,14,null,52,262
2212,12:29,12:19,542,3,null,68,0
2220,12:24,12:12,160,15,null,87,0
2222,12:51,12:19,542,3,18,78,0
2224,12:31,12:19,542,3,null,86,0
2226,12:54,12:19,542,3,18,99,0
2228,13:03,12:51,160,14,null,93,0
2231,13:10,12:30,692,2,6,45,0
2233,13:06,12:30,692,2,6,69,0
2236,12:25,12:12,160,15,null,95,0
2239,13:17,12:36,692,19,null,21,0
2240,12:50,12:41,532,80,null,28,1320
2246,13:16,12:27,5,80,6,58,0
2249,13:03,12:30,692,2,2,94,0
2250,12:48,12:27,5,80,6,76,0
2253,12:50,12:19,542,3,null,98,0
2255,13:01,12:36,692,19,3,17,1320
2264,12:58,12:51,160,14,null,49,810
2265,12:55,12:19,542,3,null,63,0
2267,12:42,12:30,692,2,80,17,1320
2268,12:45,12:39,160,10,null,55,0
2270,12:44,12:39,160,10,null,43,1320
2274,12:52,12:19,542,3,18,83,0
2278,13:03,12:51,160,14,null,96,0
2279,13:12,12:36,692,19,null,40,0
2282,12:24,12:12,160,15,null,86,0
2288,12:49,12:39,160,10,null,82,0
2290,12:24,12:19,542,3,null,37,1320
2302,12:33,12:19,542,3,null,97,0
2306,12:39,12:36,692,19,null,24,1320
2316,13:17,12:27,5,80,6,63,0
2320,12:50,12:27,5,80,6,87,0
2323,13:02,12:30,692,2,6,93,0
2324,13:31,13:00,692,2,null,105,0
2336,13:18,12:27,5,80,6,69,0
2344,12:53,12:27,5,80,6,97,0
2349,12:51,12:41,532,80,null,33,1320
2357,12:53,12:19,542,3,null,72,0
2362,13:14,13:00,692,2,null,62,0
2366,13:02,12:51,160,14,null,89,0
2370,12:47,12:39,160,10,null,70,0
2374,12:43,12:27,5,80,6,45,0
2376,12:23,12:12,160,15,null,81,0
2377,13:13,12:30,692,2,6,29,0
2379,12:48,12:19,542,3,null,109,0
2380,12:25,12:19,542,3,null,43,1320
2383,13:53,13:00,692,2,null,107,0
2387,13:08,12:30,692,2,6,59,0
2389,12:59,12:36,692,19,3,32,934
2390,13:18,12:27,5,80,6,65,0
2393,12:55,12:51,692,10,null,29,1320
2395,12:58,12:39,160,10,null,71,0
2400,13:05,12:51,160,14,null,105,0
2401,13:03,12:30,692,2,2,96,0
2417,13:02,12:30,692,2,6,90,0
2431,13:06,12:30,692,2,6,66,0
2433,12:53,12:19,542,3,null,77,0
2435,13:08,12:30,692,2,6,57,0
2442,12:14,12:11,532,80,null,17,1320
2447,12:59,12:36,692,19,3,28,1320
2449,13:30,12:51,160,14,null,103,0
2465,12:39,12:21,692,10,14,37,1069
2470,12:44,12:27,5,80,6,50,0
2472,12:48,12:27,5,80,6,71,0
2473,13:06,12:39,160,10,null,37,0
2477,13:33,12:51,160,14,null,80,0
2480,12:42,12:36,692,19,null,40,1320
2487,13:35,12:51,160,14,null,61,0
2488,12:52,12:27,5,80,6,94,0
2494,12:56,12:51,160,14,null,40,1320
2496,12:42,12:27,5,80,6,40,913
2499,12:58,12:19,542,3,null,41,0
2500,13:15,13:00,692,2,null,65,0
2501,13:10,12:30,692,2,2,64,0
2503,13:13,12:36,692,19,null,34,0
2505,13:10,12:36,692,19,null,56,0
2517,13:15,12:36,692,19,null,25,0
2522,13:31,13:00,692,2,null,107,0
2524,12:23,12:19,542,3,null,33,1320
2532,12:59,12:51,160,14,null,62,0
2535,13:29,12:51,160,14,null,105,0
2538,13:15,12:27,5,80,6,56,0
2559,13:16,12:36,692,19,null,22,0
2561,12:57,12:52,160,1,null,28,1320
2562,13:00,12:51,160,14,null,65,0
2566,12:22,12:19,542,3,null,24,1320
2576,12:59,12:51,692,10,null,37,1320
2593,12:54,12:19,542,3,null,66,0
2595,13:02,12:39,160,10,null,52,0
2597,12:50,12:19,542,3,null,93,0
2603,13:29,12:51,160,14,null,104,0
2605,12:58,12:52,160,1,null,23,1320
2608,12:21,12:19,542,3,null,20,1320
2615,13:04,12:30,692,2,6,79,0
2620,12:57,12:51,692,10,null,34,1320
2624,12:41,12:36,692,19,null,34,1320
2637,13:35,12:51,160,14,null,67,0
2638,12:47,12:27,5,80,6,67,0
2639,13:31,12:51,160,14,null,99,0
2640,12:40,12:36,692,19,null,27,1320
2641,13:35,12:51,160,14,null,65,0
2642,12:18,12:12,160,15,null,48,1141
2643,12:55,12:51,692,10,null,29,1320
2659,13:10,12:30,692,2,6,49,0
2663,13:37,12:51,160,14,null,53,0
2665,12:53,12:19,542,3,50,105,0
2669,13:04,12:30,692,2,2,89,0
2670,13:23,13:00,692,2,null,97,0
2672,12:41,12:27,5,80,6,32,1320
2673,13:11,12:36,692,19,null,47,0
2678,12:38,12:36,692,19,null,22,1320
2684,13:22,13:00,692,2,null,95,0
2691,12:46,12:36,692,19,6,15,1320
2693,13:36,12:51,160,14,null,58,0
2698,12:43,12:39,160,10,null,38,1320
2700,12:39,12:27,5,80,6,20,1320
2702,12:40,12:27,5,80,6,27,1320
2710,12:42,12:36,692,19,null,38,1320
2714,12:45,12:39,160,10,null,51,635
2715,13:03,12:39,160,10,null,47,0
2717,12:59,12:52,160,1,null,18,1320
2718,12:26,12:12,160,15,null,101,0
2725,13:37,12:51,160,14,null,48,0
2729,12:51,12:19,542,3,null,86,0
2732,12:32,12:19,542,3,null,93,0
2734,12:46,12:27,5,80,6,62,0
2737,13:09,12:30,692,2,6,54,0
2738,13:04,12:51,160,14,null,103,0
2741,13:11,12:30,692,2,2,62,0
2742,12:57,12:51,160,14,null,45,1320
2749,13:00,12:36,692,19,3,22,1320
2752,13:09,12:30,692,2,2,69,0
2755,13:01,12:39,160,10,null,56,0
2759,13:11,12:36,692,19,null,50,0
2762,12:59,12:51,160,14,null,57,0
2770,12:58,12:51,692,10,null,37,1320
2773,13:13,12:30,692,2,6,27,0
2775,13:37,12:51,160,14,null,55,0
2778,12:34,12:19,542,3,null,107,0
2786,12:31,12:19,542,3,null,83,0
2790,12:30,12:19,160,70,null,87,0
2793,13:21,12:30,692,2,67,105,0
2798,13:20,13:00,692,2,null,89,0
2801,12:49,12:19,542,3,null,103,0
2806,12:37,12:36,692,19,null,13,1320
2812,13:14,13:00,692,2,null,62,0
2822,12:20,12:11,532,80,2,29,1320
2838,12:26,12:19,542,3,null,50,683
2840,13:00,12:51,160,14,null,68,0
2846,12:21,12:12,160,15,null,71,0
2850,12:38,12:27,5,80,6,16,1320
2855,13:15,12:36,692,19,null,24,0
2856,12:25,12:19,542,3,null,41,1320
2867,12:30,12:19,160,70,null,91,0
2872,12:30,12:19,542,3,null,78,0
2874,13:15,12:27,5,80,6,55,0
2880,12:38,12:36,692,19,null,22,1320
2881,12:31,12:11,532,80,null,37,608
2883,13:12,12:36,692,19,null,44,0
2887,13:00,12:36,692,19,3,24,1320
2889,13:07,12:30,692,2,6,62,0
2890,12:45,12:27,5,80,6,57,0
2898,13:21,13:00,692,2,null,91,0
2899,12:44,12:36,692,19,6,24,1320
2914,12:26,12:19,542,3,null,53,87
2916,12:38,12:11,532,80,10,30,548
2918,12:28,12:19,542,3,null,63,0
2921,13:00,12:52,160,1,null,12,1320
2923,12:59,12:39,160,10,null,70,0
2925,13:01,12:30,692,2,2,100,0
2937,13:09,12:30,692,2,6,56,0
2938,12:20,12:11,532,80,null,37,1320
2939,13:01,12:30,692,2,6,98,0
2945,13:03,12:39,160,10,null,43,0
2946,12:33,12:19,542,3,null,102,0
2948,12:21,12:19,542,3,null,17,1320
2949,12:45,12:36,692,19,6,20,1320
2965,13:38,12:51,160,14,null,40,0
2969,13:15,12:36,692,19,null,26,0
2970,12:23,12:19,542,3,null,29,1320
2972,12:50,12:19,542,3,18,74,0
2978,12:43,12:41,532,80,null,13,1320
2980,12:49,12:27,5,80,6,80,0
2982,12:51,12:27,5,80,6,93,0
2984,13:24,13:00,692,2,null,101,0
2996,12:42,12:41,532,80,null,9,1320
2998,12:57,12:51,160,14,null,41,1320
4085,12:55,12:36,692,19,null,101,0
4100,12:30,12:06,581,3,4,73,0
4101,12:24,12:06,581,3,4,73,0
4122,12:53,12:36,692,19,null,98,0
4129,13:07,12:36,692,19,null,86,0
4139,13:17,12:30,692,2,18,85,0
4144,13:04,12:27,5,80,4,79,0
4149,12:51,12:36,692,19,null,88,0
4151,13:09,12:30,692,2,52,146,0
4158,12:57,12:36,692,19,null,113,0
4171,13:16,12:30,692,2,52,138,0
4176,12:35,12:19,542,3,18,84,0
4179,12:45,12:19,542,3,18,107,0
4191,13:00,12:36,692,19,null,113,0
4200,13:12,12:30,692,2,52,161,0
4202,12:41,12:19,542,3,18,114,0
4217,12:46,12:19,542,3,18,100,0
4257,13:09,12:36,692,19,null,66,0
4258,13:08,12:30,692,2,52,144,0
4295,13:04,12:36,692,19,null,109,0
4326,12:39,12:19,542,3,18,105,0
4333,13:00,12:36,692,19,null,117,0
4342,12:36,12:19,542,3,18,89,0
4346,12:49,12:36,692,19,null,86,0
4347,13:08,12:36,692,19,null,78,0
4350,13:12,12:27,5,80,4,122,0
4354,12:37,12:19,542,3,18,94,0
4368,12:38,12:19,542,3,18,99,0
4377,13:18,12:30,692,2,18,83,0
4382,12:46,12:36,692,19,null,67,0
4384,13:08,12:27,5,80,4,99,0
4412,13:06,12:27,5,80,4,85,0
4432,13:11,12:27,5,80,4,120,0
4437,12:44,12:19,542,3,18,110,0
4446,12:58,12:36,692,19,null,116,0
4450,13:15,12:30,692,2,52,146,0
4456,12:56,12:36,692,19,null,103,0
4500,12:40,12:19,542,3,18,111,0
4501,13:06,12:36,692,19,null,92,0
4510,13:12,12:30,692,2,52,158,0
4539,12:48,12:19,542,3,18,93,0
4549,13:13,12:30,692,2,52,151,0
4560,12:52,12:36,692,19,null,94,0
4573,13:10,12:30,692,2,18,122,0
4580,12:41,12:19,542,3,18,117,0
4589,13:15,12:30,692,2,52,144,0
4641,13:12,12:30,692,2,52,160,0
4643,13:17,12:30,692,2,52,134,0
4654,13:07,12:30,692,2,52,134,0
4655,13:09,12:36,692,19,null,61,0
4663,12:44,12:19,542,3,18,113,0
4685,12:48,12:19,542,3,18,95,0
4700,12:54,12:36,692,19,null,105,0
4711,13:13,12:30,692,2,52,155,0
4714,12:40,12:19,542,3,18,109,0
4718,12:46,12:36,692,19,null,62,0
4743,12:50,12:36,692,19,null,91,0
4769,12:59,12:36,692,19,null,119,0
4776,13:06,12:27,5,80,4,86,0
4791,12:43,12:19,542,3,18,120,0
4798,12:56,12:36,692,19,null,106,0
4806,12:58,12:36,692,19,null,121,0
4830,12:52,12:36,692,19,null,91,0
4833,13:10,12:30,692,2,52,146,0
4841,13:19,12:30,692,2,18,81,0
4847,12:59,12:36,692,19,null,123,0
4848,12:48,12:36,692,19,null,79,0
4849,12:44,12:19,542,3,18,116,0
4851,12:50,12:36,692,19,null,94,0
4856,12:42,12:19,542,3,18,118,0
4861,13:01,12:36,692,19,null,110,0
4870,13:11,12:27,5,80,4,122,0
4873,13:16,12:30,692,2,18,87,0
4876,13:05,12:27,5,80,4,81,0
4879,13:07,12:36,692,19,null,89,0
4909,12:46,12:19,542,3,18,102,0
4927,12:50,12:36,692,19,null,93,0
4957,12:47,12:19,542,3,18,97,0
4964,12:49,12:36,692,19,null,90,0
4967,13:10,12:30,692,2,18,123,0
4968,13:05,12:27,5,80,4,83,0
4972,13:08,12:30,692,2,52,139,0
4986,12:54,12:36,692,19,null,102,0
4988,13:11,12:30,692,2,52,152,0
4990,12:42,12:19,542,3,18,123,0
4993,13:14,12:30,692,2,52,145,0
5100,13:30,12:57,581,2,null,111,0
5101,13:22,12:57,581,2,null,112,0
5105,13:11,12:27,581,2,21,153,0
5109,13:18,12:27,581,2,21,136,0
5125,13:33,12:57,581,2,null,111,0
5127,13:09,12:27,581,2,21,144,0
5138,13:05,12:27,581,2,21,136,0
5142,13:38,12:57,581,2,null,135,0
5143,13:03,12:27,581,2,21,128,0
5149,13:48,12:57,581,2,null,136,0
5162,13:50,12:57,581,2,null,135,0
5164,13:05,12:27,581,2,21,137,0
5173,13:10,12:27,581,2,21,149,0
5178,13:38,12:57,581,2,null,132,0
5193,13:33,12:57,581,2,null,115,0
5197,13:42,12:57,581,2,null,127,0
5203,13:42,12:57,581,2,null,132,0
5228,13:20,12:27,581,2,21,131,0
5260,13:39,12:57,581,2,null,131,0
5287,13:12,12:27,581,2,21,157,0
5304,13:53,12:55,809,2,null,113,0
5306,13:17,12:27,581,2,21,138,0
5320,13:19,12:27,581,2,21,134,0
5335,13:14,12:27,581,2,21,143,0
5342,13:40,12:57,581,2,null,128,0
5346,13:06,12:27,581,2,21,136,0
5356,13:17,12:27,581,2,21,141,0
5358,13:52,12:55,809,2,null,122,0
5366,13:36,12:57,581,2,null,136,0
5382,13:51,12:57,581,2,null,128,0
5397,13:44,12:57,581,2,null,142,0
5407,13:34,12:57,581,2,null,123,0
5411,13:12,12:27,581,2,21,155,0
5414,13:07,12:27,581,2,21,137,0
5420,13:22,12:25,809,2,21,123,0
5421,13:46,12:57,581,2,null,138,0
5427,13:15,12:27,581,2,21,149,0
5432,13:13,12:27,581,2,21,148,0
5433,13:04,12:27,581,2,21,131,0
5482,13:08,12:27,581,2,21,138,0
5520,13:08,12:27,581,2,21,137,0
5536,13:40,12:57,581,2,null,127,0
5549,13:16,12:27,581,2,21,146,0
5607,13:11,12:27,581,2,21,155,0
5625,13:10,12:27,581,2,21,153,0
5657,13:43,12:57,581,2,null,135,0
5663,13:47,12:57,581,2,null,137,0
5683,13:35,12:57,581,2,null,128,0
5705,13:45,12:57,581,2,null,139,0
5733,13:02,12:27,581,2,21,123,0
5748,13:52,12:55,809,2,null,116,0
5765,13:09,12:27,581,2,21,139,0
5777,13:04,12:27,581,2,21,134,0
5796,13:39,12:57,581,2,null,130,0
5797,13:10,12:27,581,2,21,154,0
5815,13:47,12:57,581,2,null,137,0
5823,13:35,12:57,581,2,null,133,0
5835,13:44,12:57,581,2,null,139,0
5847,13:12,12:27,581,2,21,157,0
5856,13:21,12:27,581,2,21,127,0
5865,13:11,12:27,581,2,21,155,0
5888,13:13,12:27,581,2,21,151,0
5899,13:49,12:57,581,2,null,136,0
5950,13:41,12:57,581,2,null,126,0
5993,13:14,12:27,581,2,21,145,0
6100,12:45,12:19,542,3,null,106,0
6101,12:37,12:19,542,3,null,105,0
6105,13:14,12:19,160,70,73,166,0
6109,13:06,12:19,160,70,70,144,0
6110,12:40,12:19,160,70,null,126,0
6115,13:09,12:12,160,15,15,131,0
6120,12:42,12:19,160,70,null,129,0
6122,12:59,12:19,160,70,73,175,0
6123,13:15,12:19,160,70,73,161,0
6129,13:19,12:30,692,2,67,124,0
6130,12:38,12:12,160,15,null,155,0
6140,12:35,12:12,160,15,null,164,0
6146,12:49,12:19,160,70,null,151,0
6151,13:28,12:51,160,14,null,110,0
6157,12:48,12:19,160,70,null,159,0
6159,13:16,12:30,692,2,67,142,0
6161,13:11,12:12,160,15,15,107,0
6165,12:50,12:12,160,15,73,171,0
6166,12:41,12:12,160,15,null,163,0
6171,12:34,12:19,160,70,null,121,0
6173,13:01,12:12,160,15,15,171,0
6176,12:30,12:12,160,15,null,138,0
6177,13:11,12:19,160,70,70,136,0
6189,13:02,12:12,160,15,15,161,0
6191,13:13,12:19,160,70,73,172,0
6196,13:04,12:19,160,70,70,153,0
6199,13:16,12:19,160,70,73,153,0
6205,12:36,12:19,160,70,null,129,0
6208,12:50,12:19,160,70,null,150,0
6218,13:04,12:19,160,70,73,184,0
6219,13:15,12:51,160,14,null,140,0
6230,13:08,12:19,160,70,73,172,0
6233,13:10,12:12,160,15,15,118,0
6237,13:13,12:19,160,70,73,170,0
6239,13:27,12:51,160,14,null,116,0
6243,12:32,12:19,160,70,null,104,0
6244,13:09,12:51,160,14,null,126,0
6245,13:04,12:12,160,15,15,148,0
6265,12:35,12:19,542,3,null,115,0
6269,13:17,12:19,160,70,73,146,0
6273,12:46,12:12,160,15,null,170,0
6276,13:10,12:51,160,14,null,132,0
6281,13:12,12:30,692,2,67,158,0
6288,12:44,12:19,160,70,null,149,0
6296,12:46,12:19,542,3,null,112,0
6301,12:35,12:19,160,70,null,123,0
6304,12:55,12:19,160,70,null,175,0
6309,13:05,12:12,160,15,15,149,0
6313,13:02,12:19,160,70,70,165,0
6325,13:05,12:19,160,70,70,150,0
6327,13:04,12:12,160,15,15,145,0
6330,13:10,12:51,160,14,null,133,0
6332,13:11,12:51,160,14,null,138,0
6334,13:05,12:19,160,70,73,182,0
6340,12:27,12:12,160,15,null,118,0
6350,13:15,12:30,692,2,67,144,0
6351,13:26,12:51,160,14,null,126,0
6354,13:00,12:19,160,70,73,183,0
6365,12:47,12:12,160,15,null,171,0
6368,13:09,12:19,160,70,73,173,0
6372,13:14,12:19,160,70,70,160,0
6373,13:25,12:51,160,14,null,132,0
6385,13:07,12:19,160,70,73,175,0
6388,12:45,12:19,160,70,null,155,0
6395,13:10,12:19,160,70,70,136,0
6400,13:08,12:51,160,14,null,120,0
6402,13:02,12:19,160,70,73,185,0
6418,13:12,12:51,160,14,null,141,0
6423,12:36,12:19,542,3,null,113,0
6426,13:09,12:30,692,2,67,149,0
6439,12:33,12:19,160,70,null,118,0
6440,12:38,12:12,160,15,null,156,0
6441,13:03,12:19,160,70,70,157,0
6447,13:26,12:51,160,14,null,120,0
6450,12:38,12:12,160,15,null,154,0
6457,12:44,12:12,160,15,null,175,0
6458,12:50,12:19,160,70,null,153,0
6466,12:33,12:12,160,15,null,146,0
6470,12:54,12:19,160,70,null,172,0
6476,12:57,12:19,160,70,null,175,0
6482,13:06,12:51,160,14,null,111,0
6483,13:06,12:19,160,70,73,181,0
6484,13:13,12:19,160,70,70,153,0
6499,13:14,12:51,160,14,null,146,0
6506,12:29,12:12,160,15,null,132,0
6516,13:06,12:30,692,2,67,125,0
6519,12:53,12:12,160,15,73,178,0
6526,13:13,12:19,160,70,70,148,0
6527,12:49,12:12,160,15,73,171,0
6533,13:12,12:30,692,2,67,154,0
6541,12:48,12:19,542,3,null,112,0
6543,13:07,12:19,160,70,70,143,0
6551,12:45,12:12,160,15,null,170,0
6560,12:40,12:19,160,70,null,123,0
6564,13:07,12:51,160,14,null,116,0
6569,12:33,12:19,160,70,null,114,0
6570,12:34,12:12,160,15,null,153,0
6582,12:41,12:19,160,70,null,127,0
6605,12:48,12:12,160,15,73,173,0
6611,13:06,12:19,160,70,70,141,0
6615,13:06,12:12,160,15,15,139,0
6625,13:10,12:19,160,70,70,136,0
6627,13:18,12:19,160,70,70,155,0
6628,12:43,12:19,160,70,null,139,0
6631,13:11,12:30,692,2,67,157,0
6651,12:36,12:19,160,70,null,129,0
6653,12:37,12:19,160,70,null,126,0
6656,12:55,12:19,160,70,null,176,0
6660,13:03,12:19,160,70,73,186,0
6663,13:17,12:19,160,70,70,163,0
6667,12:54,12:12,160,15,73,174,0
6676,12:42,12:19,160,70,null,132,0
6678,12:26,12:12,160,15,null,108,0
6681,12:37,12:12,160,15,null,161,0
6684,12:46,12:19,160,70,null,164,0
6689,12:51,12:12,160,15,73,172,0
6691,12:35,12:19,160,70,null,126,0
6715,13:13,12:51,160,14,null,148,0
6721,13:15,12:19,160,70,70,164,0
6724,13:05,12:30,692,2,67,118,0
6728,12:35,12:19,542,3,null,112,0
6748,13:10,12:19,160,70,73,177,0
6751,13:02,12:19,160,70,73,186,0
6767,12:41,12:12,160,15,null,163,0
6771,12:47,12:19,542,3,null,115,0
6780,12:31,12:12,160,15,null,145,0
6784,12:28,12:12,160,15,null,125,0
6785,13:03,12:19,160,70,70,155,0
6787,13:13,12:30,692,2,67,151,0
6798,12:52,12:19,160,70,null,165,0
6800,13:09,12:19,160,70,73,171,0
6803,13:11,12:19,160,70,70,138,0
6805,12:51,12:19,160,70,null,160,0
6811,12:53,12:12,160,15,73,173,0
6812,13:08,12:19,160,70,73,171,0
6814,12:36,12:12,160,15,null,161,0
6817,13:06,12:12,160,15,15,144,0
6820,13:05,12:51,160,14,null,106,0
6823,12:50,12:12,160,15,73,171,0
6825,13:01,12:19,160,70,70,167,0
6827,12:40,12:12,160,15,null,164,0
6838,13:00,12:19,160,70,73,179,0
6840,13:07,12:19,160,70,73,174,0
6848,12:39,12:12,160,15,null,159,0
6852,12:47,12:19,160,70,null,168,0
6853,12:48,12:19,160,70,null,163,0
6854,12:31,12:12,160,15,null,139,0
6856,12:50,12:19,160,70,null,151,0
6857,13:09,12:12,160,15,15,125,0
6860,13:10,12:19,160,70,73,176,0
6863,13:12,12:19,160,70,73,178,0
6873,13:03,12:12,160,15,15,154,0
6878,12:39,12:19,160,70,null,123,0
6881,13:08,12:19,160,70,70,144,0
6883,13:23,12:51,160,14,null,140,0
6885,12:52,12:19,160,70,null,162,0
6891,13:09,12:19,160,70,70,141,0
6899,13:08,12:19,160,70,70,144,0
6901,12:38,12:19,160,70,null,123,0
6902,12:33,12:12,160,15,null,148,0
6903,13:18,12:30,692,2,67,132,0
6906,13:01,12:19,160,70,73,186,0
6910,12:32,12:12,160,15,null,149,0
6921,13:08,12:12,160,15,15,137,0
6923,12:43,12:12,160,15,null,176,0
6924,12:53,12:19,160,70,null,171,0
6925,12:45,12:12,160,15,null,173,0
6926,13:11,12:30,692,2,67,160,0
6929,12:49,12:19,160,70,null,153,0
6931,12:52,12:12,160,15,73,175,0
6934,13:23,12:51,160,14,null,140,0
6941,13:20,12:30,692,2,67,118,0
6958,12:56,12:19,160,70,null,177,0
6965,13:00,12:19,160,70,70,173,0
6972,12:35,12:12,160,15,null,162,0
6973,13:17,12:19,160,70,70,167,0
6979,13:15,12:19,160,70,73,157,0
6981,12:52,12:12,160,15,73,178,0
6984,13:10,12:30,692,2,67,156,0
6997,13:06,12:51,160,14,null,117,0
7100,13:15,12:36,581,3,null,139,0
7101,13:07,12:36,581,3,null,140,0
7129,12:52,12:06,581,3,17,142,0
7131,12:51,12:06,581,3,5,129,0
7132,12:54,12:06,581,3,5,142,0
7144,12:57,12:06,581,3,5,129,0
7167,12:47,12:06,581,3,30,152,0
7168,12:54,12:06,581,3,17,150,0
7169,13:16,12:36,581,3,null,146,0
7182,12:49,12:06,581,3,5,127,0
7194,12:56,12:06,581,3,5,141,0
7199,12:55,12:06,581,3,17,159,0
7209,12:48,12:06,581,3,30,161,0
7229,13:01,12:04,809,3,17,176,0
7232,12:56,12:06,581,3,5,134,0
7235,12:53,12:06,581,3,17,151,0
7277,12:55,12:06,581,3,17,151,0
7296,12:49,12:06,581,3,5,126,0
7304,12:48,12:06,581,3,17,142,0
7324,13:02,12:04,809,3,17,175,0
7331,12:59,12:06,581,3,17,174,0
7348,12:54,12:06,581,3,5,142,0
7374,12:49,12:06,581,3,17,140,0
7391,12:56,12:06,581,3,17,160,0
7402,12:55,12:06,581,3,5,142,0
7417,12:58,12:06,581,3,17,179,0
7490,12:50,12:06,581,3,17,139,0
7514,12:46,12:06,581,3,17,145,0
7544,13:02,12:04,809,3,17,168,0
7559,12:51,12:06,581,3,17,136,0
7569,12:59,12:06,581,3,17,174,0
7583,13:00,12:06,581,3,17,176,0
7617,12:57,12:06,581,3,17,167,0
7633,12:48,12:06,581,3,30,164,0
7638,12:48,12:06,581,3,17,142,0
7640,12:55,12:06,581,3,5,143,0
7658,12:50,12:06,581,3,17,136,0
7670,12:50,12:06,581,3,17,139,0
7689,12:52,12:06,581,3,17,146,0
7694,12:54,12:06,581,3,5,142,0
7706,12:47,12:06,581,3,17,144,0
7716,12:53,12:06,581,3,5,142,0
7782,12:48,12:06,581,3,17,141,0
7815,12:58,12:06,581,3,17,174,0
7823,12:51,12:06,581,3,17,134,0
7834,12:50,12:06,581,3,5,127,0
7861,13:01,12:04,809,3,17,176,0
7888,12:48,12:06,581,3,5,124,0
7987,13:00,12:06,581,3,17,177,0
7990,12:46,12:06,581,3,17,146,0
8100,13:38,13:00,692,2,null,145,0
8118,13:35,13:00,692,2,null,125,0
8119,13:44,13:00,692,2,null,146,0
8131,13:43,13:00,692,2,null,149,0
8138,13:33,13:00,692,2,null,120,0
8166,13:41,13:00,692,2,null,152,0
8173,13:18,12:27,5,80,4,122,0
8188,13:41,13:00,692,2,null,154,0
8219,13:47,13:00,692,2,null,133,0
8235,13:50,13:00,692,2,null,117,0
8237,13:48,13:00,692,2,null,129,0
8241,13:51,13:00,692,2,null,112,0
8261,13:09,12:30,692,2,18,115,0
8274,13:33,13:00,692,2,null,113,0
8281,13:39,13:00,692,2,null,154,0
8297,13:15,12:27,5,80,4,130,0
8301,13:42,13:00,692,2,null,155,0
8310,13:46,13:00,692,2,null,140,0
8352,13:37,13:00,692,2,null,137,0
8404,13:13,12:27,5,80,4,115,0
8409,13:44,13:00,692,2,null,143,0
8418,13:32,13:00,692,2,null,110,0
8427,13:49,13:00,692,2,null,124,0
8428,13:06,12:30,692,2,52,131,0
8452,13:34,13:00,692,2,null,123,0
8512,13:36,13:00,692,2,null,131,0
8531,13:47,13:00,692,2,null,137,0
8565,13:40,13:00,692,2,null,150,0
8605,13:20,12:27,5,80,4,112,0
8633,13:19,12:27,5,80,4,119,0
8650,13:45,13:00,692,2,null,137,0
8712,13:36,13:00,692,2,null,134,0
8769,13:42,13:00,692,2,null,151,0
8796,13:35,13:00,692,2,null,129,0
8872,13:39,13:00,692,2,null,151,0
8937,13:06,12:30,692,2,18,130,0
9101,13:23,12:36,692,19,6,153,0
9107,13:04,12:27,581,2,20,135,0
9116,12:56,12:15,5,80,6,188,0
9133,12:49,12:15,5,80,6,146,0
9135,12:48,12:15,5,80,6,138,0
9137,12:52,12:06,581,3,30,183,0
9142,13:03,12:15,5,80,6,203,0
9143,12:58,12:15,5,80,6,187,0
9146,12:57,12:15,5,80,6,183,0
9153,13:01,12:15,5,80,6,212,0
9167,12:48,12:06,581,3,30,169,0
9168,13:09,12:27,581,2,20,144,0
9169,13:07,12:27,581,2,20,161,0
9171,13:22,12:36,692,19,6,148,0
9182,13:27,12:36,692,19,6,162,0
9198,13:04,12:15,5,80,6,206,0
9201,13:14,12:27,581,2,20,156,0
9207,12:55,12:15,5,80,6,187,0
9224,13:08,12:15,5,80,6,187,0
9225,12:50,12:15,5,80,6,150,0
9231,13:18,12:27,581,2,20,171,0
9243,12:51,12:06,581,3,30,176,0
9252,13:05,12:15,5,80,6,202,0
9259,13:13,12:27,581,2,20,148,0
9274,13:03,12:27,581,2,17,122,0
9291,12:55,12:06,581,3,30,191,0
9306,13:28,12:36,692,19,6,160,0
9339,12:48,12:15,5,80,6,133,0
9340,13:09,12:27,581,2,20,149,0
9361,13:08,12:27,581,2,17,135,0
9370,13:01,12:04,809,3,30,187,0
9381,13:03,12:27,581,2,20,130,0
9383,13:13,12:27,581,2,20,144,0
9388,13:22,12:36,581,3,null,166,0
9405,13:21,12:36,692,19,6,144,0
9420,13:01,12:04,809,3,30,186,0
9432,12:56,12:06,581,3,30,189,0
9439,12:52,12:06,581,3,30,180,0
9442,13:34,12:35,160,19,6,183,0
9480,13:02,12:15,5,80,6,205,0
9488,13:10,12:27,581,2,20,142,0
9491,12:52,12:15,5,80,6,168,0
9493,13:04,12:27,581,2,20,139,0
9503,13:06,12:27,581,2,20,151,0
9549,13:01,12:15,5,80,6,211,0
9551,12:51,12:15,5,80,6,157,0
9573,12:51,12:15,5,80,6,161,0
9587,12:53,12:15,5,80,6,175,0
9591,13:23,12:36,581,3,null,169,0
9633,13:00,12:15,5,80,6,209,0
9645,12:54,12:06,581,3,30,189,0
9670,12:56,12:15,5,80,6,185,0
9675,13:13,12:27,581,2,20,152,0
9677,12:59,12:06,581,3,30,183,0
9685,13:18,12:27,581,2,20,168,0
9715,12:59,12:15,5,80,6,202,0
9719,12:58,12:06,581,3,30,181,0
9723,12:58,12:15,5,80,6,189,0
9725,13:25,12:36,692,19,6,159,0
9729,13:05,12:27,581,2,20,143,0
9740,12:49,12:06,581,3,34,136,0
9745,12:53,12:06,581,3,30,186,0
9753,13:21,12:36,581,3,null,162,0
9770,13:02,12:04,809,3,30,179,0
9778,13:22,12:36,581,3,null,163,0
9787,13:25,12:36,692,19,6,162,0
9790,13:10,12:27,581,2,20,138,0
9797,13:26,12:36,692,19,6,167,0
9801,13:09,12:15,5,80,6,187,0
9811,12:49,12:06,581,3,30,171,0
9817,13:05,12:27,581,2,20,146,0
9837,13:02,12:27,581,2,17,121,0
9842,13:02,12:15,5,80,6,209,0
9847,13:11,12:27,581,2,20,134,0
9849,13:19,12:27,581,2,20,176,0
9892,13:02,12:04,809,3,30,183,0
9897,12:49,12:15,5,80,6,143,0
9928,13:07,12:15,5,80,6,192,0
9939,12:59,12:15,5,80,6,195,0
9951,12:54,12:06,581,3,30,188,0
9975,12:55,12:15,5,80,6,183,0
9989,12:50,12:06,581,3,30,174,0
