stop_id,arrival_time,departure_time,departure_stop_id,route,transfer_route,radius_ft,lat,lon
5,07:06,06:57,133,19,80,1320,43.070947,-89.406982
10,07:14,07:06,5,80,80,1320,43.075933,-89.400154
11,07:14,07:06,5,80,80,1320,43.075933,-89.399932
39,07:10,07:06,5,80,80,1320,43.071895,-89.397341
40,07:13,07:06,5,80,80,1320,43.075914,-89.397697
47,07:19,07:06,5,80,27,1320,43.074636,-89.412598
52,07:16,07:06,5,80,80,1320,43.076131,-89.40566
54,07:42,07:06,5,80,27,1320,43.06947,-89.403872
60,07:15,07:06,5,80,80,1320,43.075996,-89.40366
61,07:07,07:06,5,80,null,1320,43.070893,-89.403698
73,07:09,07:06,5,80,80,1320,43.07082,-89.39865
77,07:08,07:06,5,80,80,1320,43.070857,-89.401119
87,07:21,06:57,133,19,10,1320,43.07415,-89.392328
91,07:12,07:06,5,80,80,1320,43.074321,-89.397241
100,07:17,07:06,5,80,28,1320,43.073399,-89.401365
104,07:38,07:19,47,27,4,1320,43.071144,-89.404229
107,07:38,06:57,133,19,4,1320,43.054383,-89.396533
113,07:44,06:57,133,19,4,1080,43.064733,-89.397985
115,07:04,06:55,160,58,6,1320,43.067983,-89.400724
121,07:20,06:57,133,19,4,1320,43.038466,-89.401117
127,07:18,06:58,581,56,13,1320,43.043951,-89.385666
133,07:09,06:56,184,38,2,1320,43.073275,-89.413154
144,07:21,06:58,581,56,13,1320,43.038545,-89.390641
146,07:15,06:57,133,19,4,1320,43.053981,-89.399186
147,07:09,06:58,581,56,13,1320,43.053872,-89.391782
153,07:11,06:58,581,56,13,1320,43.052132,-89.38075
154,07:19,06:58,581,56,13,1320,43.040378,-89.38436
158,07:11,06:57,133,19,4,1320,43.062871,-89.404194
160,06:55,06:54,178,12,27,1320,43.073481,-89.409413
161,07:18,06:57,133,19,10,1320,43.070146,-89.387071
162,07:05,06:58,581,56,13,1320,43.065091,-89.400997
166,07:14,06:58,581,56,13,1320,43.045854,-89.375546
168,07:07,06:56,581,2,5,1320,43.072787,-89.38707
170,07:19,06:57,133,19,4,1320,43.041645,-89.404114
171,07:33,06:57,133,19,4,1320,43.042923,-89.39175
173,07:21,06:57,133,19,4,1320,43.03843,-89.397946
174,07:07,06:58,581,56,13,1320,43.056451,-89.398716
178,07:03,06:58,581,56,19,1320,43.073427,-89.407056
180,07:03,06:57,133,19,6,1320,43.071098,-89.401081
181,07:37,06:57,133,19,4,1320,43.052252,-89.394806
184,07:04,07:03,488,44,28,1320,43.075254,-89.410413
190,07:09,06:57,133,19,4,1320,43.067849,-89.404205
192,07:44,07:09,298,11,13,1080,43.054087,-89.391967
197,07:35,06:57,133,19,4,1320,43.047739,-89.392673
203,07:38,06:58,581,56,13,1320,43.043214,-89.376979
208,07:05,06:57,133,19,6,1320,43.067849,-89.407131
217,07:50,07:09,298,11,13,0,43.063668,-89.400528
222,07:18,06:57,133,19,5,1320,43.045474,-89.391946
225,07:44,06:57,133,19,4,1080,43.065842,-89.396442
234,07:17,07:06,5,80,28,1320,43.073427,-89.403883
235,07:16,06:57,133,19,5,1320,43.072456,-89.387144
243,07:40,06:58,581,56,13,1320,43.047242,-89.374681
248,07:15,06:57,133,19,11,1320,43.071891,-89.382453
251,07:41,06:57,133,19,4,1320,43.060167,-89.40053
252,07:22,07:03,133,3,71,1320,43.07491,-89.391303
256,07:32,07:06,5,80,13,1320,43.073051,-89.404241
265,07:09,06:57,133,19,6,1320,43.074786,-89.396908
266,07:14,06:57,133,19,4,1320,43.056496,-89.399124
274,07:08,06:56,581,2,5,1320,43.071248,-89.389243
287,07:31,06:58,581,56,13,1320,43.038339,-89.390839
288,07:07,06:58,581,56,13,1320,43.059621,-89.400999
289,07:09,06:58,581,56,13,1320,43.053844,-89.389869
298,07:09,06:56,160,2,11,1320,43.07529,-89.412894
313,07:04,06:57,133,19,10,1320,43.068418,-89.386949
320,07:19,06:57,133,19,5,1320,43.04312,-89.392033
327,07:03,06:55,160,58,6,1320,43.067598,-89.403675
336,07:05,06:56,184,38,80,1320,43.072028,-89.409136
346,07:43,07:09,298,11,13,1260,43.053996,-89.387437
349,07:16,07:04,692,19,58,1320,43.068092,-89.413759
353,07:20,06:57,133,19,4,1320,43.038494,-89.403362
357,07:48,07:03,488,44,44,360,43.053826,-89.390103
360,07:14,06:57,133,19,5,1320,43.054589,-89.397212
367,07:10,06:58,581,56,13,1320,43.053682,-89.386709
388,07:03,06:57,133,19,6,1320,43.069451,-89.401168
392,07:08,06:57,133,19,4,1320,43.069711,-89.40423
398,07:05,06:57,133,19,6,1320,43.067877,-89.409353
406,07:06,06:57,133,19,6,1320,43.067931,-89.414278
410,07:14,06:58,581,56,13,1320,43.042874,-89.377547
418,07:09,06:57,133,19,5,1320,43.069002,-89.392429
424,07:42,07:09,298,11,13,1320,43.053153,-89.38376
428,07:21,06:57,133,19,71,1320,43.073317,-89.394044
433,07:46,07:03,488,44,44,720,43.049727,-89.392573
435,07:00,06:56,581,2,15,1320,43.071921,-89.397094
438,07:02,06:56,184,38,80,1320,43.074985,-89.406401
441,07:14,07:06,5,80,27,1320,43.072003,-89.403945
445,07:12,07:06,5,80,27,1320,43.069899,-89.403921
448,07:19,06:58,581,56,13,1320,43.042133,-89.384346
454,06:57,06:55,160,58,3,1320,43.070438,-89.414055
455,06:58,06:56,581,2,15,1320,43.071967,-89.400106
456,07:18,06:57,133,19,4,1320,43.044304,-89.404113
459,07:12,06:57,133,19,4,1320,43.059774,-89.403665
462,07:20,06:58,581,56,13,1320,43.038517,-89.388457
465,07:10,06:58,581,56,13,1320,43.053055,-89.384217
469,07:46,06:57,133,19,4,720,43.067543,-89.394121
470,07:02,06:57,133,19,10,1320,43.071625,-89.39286
473,07:47,06:57,133,19,4,540,43.070228,-89.390293
475,07:32,06:57,133,19,4,1320,43.041625,-89.393786
483,07:04,06:55,160,58,6,1320,43.069254,-89.400712
488,07:03,06:58,581,56,44,1320,43.0752,-89.407339
490,07:12,06:56,160,2,11,1320,43.072299,-89.405883
492,07:28,07:06,5,80,11,1320,43.055713,-89.381932
505,07:10,06:57,133,19,6,1320,43.074732,-89.393723
512,07:08,06:57,133,19,5,1320,43.069986,-89.391021
516,07:10,06:57,133,19,5,1320,43.066711,-89.395874
519,07:40,06:57,133,19,4,1320,43.057212,-89.398803
520,07:03,06:57,133,19,10,1320,43.068634,-89.388936
522,07:42,07:09,298,11,13,1320,43.052562,-89.381527
530,07:16,06:57,133,19,4,1320,43.051913,-89.399261
532,06:57,06:56,184,38,28,1320,43.075254,-89.412549
533,07:17,07:03,160,19,6,1320,43.067725,-89.413451
536,07:16,06:57,133,19,4,1320,43.05048,-89.399953
542,06:56,06:55,160,58,3,1320,43.073132,-89.414055
544,07:24,07:06,5,80,11,1320,43.069233,-89.386269
546,07:04,06:58,581,56,13,1320,43.067392,-89.401194
548,07:05,06:57,133,19,6,1320,43.067822,-89.404428
549,07:11,06:57,133,19,6,1320,43.074705,-89.392056
555,07:01,06:56,581,2,15,1320,43.072404,-89.393143
561,07:05,06:55,160,58,6,1320,43.070821,-89.400637
564,07:16,06:57,133,19,11,1320,43.070692,-89.384195
567,07:24,07:06,5,80,27,1320,43.075876,-89.388191
568,07:22,06:57,133,19,71,1320,43.073309,-89.396192
573,07:01,06:56,184,38,80,1320,43.07503,-89.410339
581,06:56,06:54,809,2,15,1320,43.072057,-89.40592
583,07:02,06:55,160,58,6,1320,43.067644,-89.407514
588,07:17,06:57,133,19,5,1320,43.047623,-89.392994
590,07:30,07:03,488,44,40,1320,43.038645,-89.397699
593,07:20,06:57,133,19,10,1320,43.073129,-89.391032
597,07:25,07:06,5,80,27,1320,43.077496,-89.38587
602,07:44,07:09,298,11,13,1080,43.054059,-89.390177
614,07:45,07:09,298,11,13,900,43.054141,-89.39562
619,07:38,06:58,581,56,13,1320,43.042614,-89.378263
624,07:10,06:57,133,19,4,1320,43.065459,-89.404206
633,07:43,06:57,133,19,4,1260,43.063327,-89.399985
643,07:34,06:57,133,19,4,1320,43.045608,-89.39165
668,07:17,06:57,133,19,11,1320,43.071005,-89.385503
670,07:15,07:06,5,80,28,1320,43.073336,-89.397994
674,07:41,07:09,298,11,13,1320,43.051836,-89.37959
692,06:58,06:56,160,2,19,1320,43.073517,-89.414277
703,07:44,07:03,488,44,44,1080,43.044015,-89.393797
706,07:03,06:56,184,38,80,1320,43.073767,-89.406352
710,07:03,06:57,133,19,10,1320,43.069834,-89.390515
715,07:50,07:09,298,11,13,0,43.065378,-89.400515
741,06:57,06:56,581,2,15,1320,43.072039,-89.404278
745,07:36,06:57,133,19,4,1320,43.049476,-89.39382
751,07:16,07:04,692,19,58,1320,43.070241,-89.413759
757,07:02,06:58,581,56,44,1320,43.07417,-89.406055
765,07:08,06:57,133,19,6,1320,43.073076,-89.397291
768,07:09,06:57,133,19,5,1320,43.067928,-89.393972
770,07:11,06:57,133,19,5,1320,43.064697,-89.398726
773,07:01,06:58,581,56,44,1320,43.073185,-89.403945
782,07:31,07:03,488,44,40,1320,43.03869,-89.401869
789,07:17,06:58,581,56,13,1320,43.042679,-89.38405
791,07:05,06:57,133,19,19,1320,43.070262,-89.384331
803,07:11,06:57,133,19,6,1320,43.074677,-89.390328
809,06:57,06:57,133,19,44,1320,43.073177,-89.410858
816,07:31,07:03,488,44,40,1320,43.038377,-89.404275
821,07:47,07:03,488,44,44,540,43.051723,-89.390808
828,07:15,06:58,581,56,13,1320,43.042838,-89.378645
837,07:13,07:06,5,80,27,1320,43.070866,-89.403933
839,07:02,06:56,581,2,15,1320,43.073639,-89.391365
840,07:06,06:58,581,56,13,1320,43.06288,-89.401022
862,07:12,06:58,581,56,13,1320,43.05034,-89.3779
866,07:06,06:57,133,19,6,1320,43.067904,-89.411093
877,07:08,06:58,581,56,13,1320,43.053926,-89.395435
883,07:03,06:56,581,2,15,1320,43.074641,-89.388217
890,07:15,06:57,133,19,5,1320,43.051974,-89.395152
895,07:31,06:58,581,56,13,1320,43.038311,-89.388642
898,07:21,07:03,133,3,71,1320,43.074883,-89.389575
901,07:17,06:57,133,19,5,1320,43.049065,-89.393586
906,07:20,06:57,133,19,5,1320,43.041491,-89.394255
916,06:57,06:55,160,58,3,1320,43.067958,-89.414056
941,07:00,06:56,581,2,15,1320,43.071894,-89.395489
962,07:04,06:57,133,19,6,1320,43.067768,-89.40149
965,07:19,06:57,133,19,10,1320,43.071346,-89.388663
967,07:46,06:57,133,19,4,720,43.068957,-89.392096
971,07:02,06:55,160,58,6,1320,43.067662,-89.409168
989,07:15,06:57,133,19,5,1320,43.07149,-89.388515
1100,07:11,06:57,133,19,71,1320,43.076028,-89.384661
1101,07:06,06:57,133,19,15,1320,43.073297,-89.383773
1105,07:25,06:57,133,19,15,1320,43.098067,-89.326187
1107,07:15,06:58,581,56,15,1320,43.09369,-89.35699
1112,07:50,07:03,133,3,33,0,43.10023,-89.34913
1121,07:10,06:56,581,2,5,1320,43.082937,-89.378175
1122,07:32,06:58,581,56,27,1320,43.11014,-89.363978
1123,07:20,06:56,581,2,2,1320,43.111258,-89.361482
1127,07:29,07:03,133,3,37,1320,43.093753,-89.342271
1131,07:27,06:57,133,19,5,1320,43.097012,-89.358407
1133,07:23,06:57,133,19,15,1320,43.099878,-89.344116
1138,07:45,06:58,581,56,2,900,43.081488,-89.382374
1141,07:16,06:58,581,56,15,1320,43.095891,-89.354074
1143,07:25,07:03,133,3,null,1320,43.086392,-89.354293
1151,07:11,06:56,581,2,5,1320,43.084548,-89.37584
1153,07:34,07:03,133,3,16,1320,43.095569,-89.326524
1156,07:33,06:58,581,56,27,1320,43.106953,-89.364055
1157,07:15,06:56,581,2,null,1320,43.091942,-89.372674
1160,07:38,07:06,5,80,2,1320,43.098059,-89.357418
1161,07:20,06:56,581,2,2,1320,43.111429,-89.36368
1163,07:17,06:57,133,19,5,1320,43.073655,-89.385427
1167,07:20,07:03,133,3,4,1320,43.077867,-89.369993
1169,07:49,07:03,133,3,30,180,43.089707,-89.329817
1177,07:45,07:06,5,80,2,900,43.096916,-89.363631
1188,07:44,07:09,133,2,4,1080,43.091791,-89.355523
1190,07:50,07:09,133,2,4,0,43.080238,-89.367028
1199,07:13,06:58,581,56,15,1320,43.084904,-89.369296
1202,07:41,07:09,133,2,4,1320,43.096991,-89.351442
1206,07:46,07:03,133,3,34,720,43.098534,-89.329323
1208,07:46,07:09,133,2,4,720,43.087361,-89.359231
1209,07:13,06:56,581,2,5,1320,43.08708,-89.372246
1211,07:29,07:03,133,3,37,1320,43.0938,-89.345259
1213,07:36,07:06,5,80,4,1320,43.085884,-89.360418
1214,07:50,07:09,133,2,6,0,43.078747,-89.37877
1220,07:47,07:03,133,3,33,540,43.099882,-89.335459
1223,07:25,07:06,5,80,27,1320,43.078624,-89.384289
1225,07:32,07:03,133,3,null,1320,43.089689,-89.329138
1233,07:17,06:58,581,56,15,1320,43.098458,-89.350651
1241,07:15,06:58,581,56,15,1320,43.092008,-89.359239
1250,07:39,06:58,581,56,2,1320,43.089497,-89.369614
1254,07:31,06:58,581,56,27,1320,43.11228,-89.363964
1260,07:25,07:03,133,3,null,1320,43.085086,-89.356653
1261,07:08,06:56,581,2,5,1320,43.078651,-89.383918
1264,07:43,07:09,133,2,4,1260,43.093375,-89.354286
1269,07:30,06:57,133,19,6,1320,43.10286,-89.344607
1270,07:46,07:03,133,3,30,720,43.097852,-89.326706
1293,07:22,06:57,133,19,15,1320,43.100087,-89.348302
1296,07:34,06:58,581,56,null,1320,43.101662,-89.365245
1301,07:18,06:58,581,56,57,1320,43.100875,-89.349067
1305,07:26,07:03,133,3,null,1320,43.08819,-89.352205
1309,07:25,06:57,133,19,15,1320,43.098248,-89.329213
1310,07:20,07:03,133,3,71,1320,43.074954,-89.38618
1311,07:28,06:57,133,19,6,1320,43.100534,-89.348327
1319,07:28,06:57,133,19,5,1320,43.10145,-89.352512
1323,07:09,06:58,581,56,15,1320,43.076331,-89.381475
1324,07:12,06:57,133,19,47,1320,43.074479,-89.38618
1325,07:24,06:57,133,19,5,1320,43.089622,-89.368749
1326,07:45,07:06,5,80,4,900,43.106898,-89.34517
1329,07:17,06:56,581,2,null,1320,43.097097,-89.368002
1333,07:26,06:57,133,19,5,1320,43.093129,-89.363622
1341,07:31,06:58,581,56,22,1320,43.114089,-89.363653
1343,07:40,07:06,5,80,4,1320,43.095326,-89.35242
1350,07:42,07:09,133,2,6,1320,43.091981,-89.360054
1354,07:37,06:58,581,56,null,1320,43.094358,-89.370363
1358,07:50,07:06,5,80,2,0,43.080361,-89.383979
1372,07:39,07:06,5,80,37,1320,43.091139,-89.357968
1375,07:19,06:58,581,56,57,1320,43.10486,-89.351002
1379,07:47,07:06,5,80,2,540,43.101124,-89.363887
1380,07:22,06:58,581,56,57,1320,43.114291,-89.357255
1382,07:41,07:09,133,2,6,1320,43.093851,-89.357484
1391,07:28,07:03,133,3,37,1320,43.093675,-89.346679
1394,07:19,06:58,581,56,57,1320,43.106929,-89.35163
1397,07:10,06:56,581,2,5,1320,43.082051,-89.37941
1404,07:46,06:58,581,56,null,720,43.079922,-89.384177
1410,07:30,06:58,581,56,22,1320,43.111509,-89.36184
1412,07:43,07:09,133,2,6,1260,43.090111,-89.3626
1420,07:39,06:58,581,56,17,1320,43.101732,-89.331147
1427,07:20,06:58,581,56,57,1320,43.107091,-89.354359
1435,07:48,07:19,47,27,27,360,43.106714,-89.351445
1437,07:24,06:57,133,19,15,1320,43.099602,-89.332669
1447,07:50,07:03,133,3,38,0,43.085668,-89.357047
1453,07:10,06:58,581,56,15,1320,43.079562,-89.376905
1462,07:47,07:03,133,3,33,540,43.099808,-89.332508
1472,07:45,07:09,133,2,4,900,43.088784,-89.357909
1474,07:49,07:03,133,3,33,180,43.100066,-89.343177
1478,07:47,06:57,133,19,5,540,43.093134,-89.326923
1481,07:45,07:06,5,80,6,900,43.104353,-89.34153
1482,07:49,07:03,133,3,33,180,43.10002,-89.341387
1488,07:40,07:09,133,2,6,1320,43.096428,-89.354049
1494,07:44,07:09,133,2,6,1080,43.088796,-89.364515
1495,07:07,06:56,581,2,5,1320,43.076189,-89.383821
1499,07:39,07:06,5,80,4,1320,43.09222,-89.354868
1504,07:31,06:58,581,56,27,1320,43.114329,-89.361825
1505,07:23,07:03,133,3,4,1320,43.081151,-89.365311
1509,07:19,07:03,133,3,4,1320,43.07717,-89.372784
1513,07:14,06:58,581,56,15,1320,43.089771,-89.362415
1518,07:29,06:57,133,19,5,1320,43.102845,-89.350325
1526,07:47,07:09,133,2,4,540,43.085634,-89.361147
1530,07:48,07:09,133,2,4,360,43.083674,-89.362111
1533,07:18,06:56,581,2,null,1320,43.101098,-89.365319
1538,07:42,07:09,133,2,4,1320,43.095317,-89.352766
1555,07:47,07:03,133,3,34,540,43.099942,-89.331767
1558,07:21,07:03,133,3,71,1320,43.074847,-89.387834
1559,07:23,07:03,133,3,4,1320,43.082421,-89.36352
1565,07:11,06:58,581,56,15,1320,43.082353,-89.372916
1572,07:30,06:58,581,56,22,1320,43.111671,-89.363618
1575,07:39,07:06,5,80,4,1320,43.094171,-89.353335
1577,07:16,06:56,581,2,null,1320,43.094439,-89.369906
1579,07:10,06:58,581,56,15,1320,43.078282,-89.378684
1585,07:48,06:58,581,56,21,360,43.106715,-89.354273
1595,07:25,06:57,133,19,5,1320,43.091706,-89.365698
1598,07:30,06:57,133,19,5,1320,43.101395,-89.349622
1615,07:21,07:03,133,3,4,1320,43.078654,-89.368869
1635,07:18,06:58,581,56,57,1320,43.103454,-89.350324
1636,07:41,06:58,581,56,2,1320,43.08777,-89.373443
1643,07:27,07:03,133,3,37,1320,43.09254,-89.350706
1645,07:37,07:06,5,80,4,1320,43.087343,-89.358898
1650,07:47,07:09,133,2,6,540,43.084716,-89.370296
1658,07:49,07:09,133,2,6,180,43.080018,-89.377004
1659,07:40,07:06,5,80,4,1320,43.09665,-89.351381
1660,07:48,07:09,133,2,6,360,43.082237,-89.373829
1663,07:04,06:56,581,2,15,1320,43.074623,-89.386402
1664,07:44,06:58,581,56,2,1080,43.082741,-89.380595
1675,07:27,06:57,133,19,5,1320,43.098301,-89.35669
1689,07:23,07:03,133,3,4,1320,43.083665,-89.361729
1692,07:50,07:06,5,80,27,0,43.100578,-89.364196
1695,07:26,07:03,133,3,null,1320,43.08709,-89.353342
1704,07:37,07:06,5,80,2,1320,43.100618,-89.354007
1707,07:45,07:06,5,80,2,900,43.093603,-89.363498
1715,07:20,06:56,581,2,2,1320,43.109495,-89.363707
1717,07:18,06:56,581,2,2,1320,43.103622,-89.363835
1730,07:45,07:09,133,2,6,900,43.087266,-89.366689
1737,07:17,07:03,133,3,4,1320,43.074531,-89.379933
1748,07:50,07:03,133,3,33,0,43.100148,-89.346561
1750,07:49,07:09,133,2,4,180,43.082752,-89.363446
1751,07:25,06:57,133,19,15,1320,43.099405,-89.331817
1753,07:40,07:06,5,80,37,1320,43.091871,-89.355152
1756,07:47,07:09,133,2,6,540,43.083776,-89.371643
1757,07:46,07:06,5,80,6,720,43.106375,-89.339477
1762,07:40,07:09,133,2,4,1320,43.098065,-89.350861
1766,07:49,07:19,47,27,27,180,43.105084,-89.351397
1767,07:14,06:56,581,2,null,1320,43.089783,-89.369317
1777,07:44,07:06,5,80,4,1080,43.104077,-89.342987
1780,07:40,07:06,5,80,2,1320,43.094122,-89.362695
1785,07:33,07:03,133,3,16,1320,43.090968,-89.327914
1786,07:46,06:57,133,19,5,720,43.095847,-89.326808
1787,07:06,06:56,581,2,15,1320,43.075033,-89.382303
1790,07:07,06:56,581,2,5,1320,43.073405,-89.386181
1798,07:41,07:06,5,80,2,1320,43.09091,-89.367254
1805,07:14,06:58,581,56,15,1320,43.088339,-89.364429
1809,07:34,07:03,133,3,16,1320,43.093268,-89.326626
1812,07:38,07:06,5,80,2,1320,43.097057,-89.358741
1813,07:24,07:03,133,3,null,1320,43.08429,-89.359074
1823,07:16,07:03,133,3,4,1320,43.074447,-89.38217
1830,07:44,07:09,133,2,4,1080,43.090431,-89.356623
1831,07:09,06:56,581,2,5,1320,43.08079,-89.381201
1834,07:42,06:58,581,56,2,1320,43.085229,-89.377062
1838,07:36,06:58,581,56,null,1320,43.096918,-89.36841
1839,07:18,07:03,133,3,4,1320,43.075604,-89.376735
1842,07:48,07:03,133,3,33,360,43.099918,-89.336916
1843,07:26,06:57,133,19,5,1320,43.094265,-89.361707
1846,07:39,07:09,133,2,6,1320,43.098298,-89.351552
1852,07:45,07:06,5,80,4,900,43.106908,-89.347282
1855,07:24,06:57,133,19,15,1320,43.099667,-89.335459
1872,07:14,06:57,133,19,11,1320,43.072813,-89.381885
1873,07:47,07:03,133,3,34,540,43.101481,-89.330974
1878,07:50,07:09,133,2,4,0,43.081482,-89.365249
1883,07:13,06:58,581,56,15,1320,43.087382,-89.3658
1886,07:45,07:03,133,3,33,900,43.098287,-89.326946
1887,07:28,07:03,133,3,37,1320,43.093256,-89.348643
1890,07:47,06:57,133,19,5,540,43.091353,-89.327864
1892,07:41,07:06,5,80,2,1320,43.092789,-89.364524
1895,07:30,06:58,581,56,17,1320,43.114077,-89.357811
1901,07:38,07:06,5,80,4,1320,43.090439,-89.356277
1905,07:31,07:03,133,3,37,1320,43.0916,-89.336001
1913,07:24,06:57,133,19,15,1320,43.099713,-89.337374
1922,07:31,06:58,581,56,27,1320,43.113954,-89.36395
1923,07:19,06:56,581,2,2,1320,43.106675,-89.363771
1935,07:37,07:06,5,80,4,1320,43.088632,-89.357687
1936,07:38,06:58,581,56,null,1320,43.091691,-89.372699
1944,07:35,07:06,5,80,2,1320,43.103034,-89.350794
1949,07:28,06:57,133,19,5,1320,43.100287,-89.354069
1959,07:22,07:03,133,3,4,1320,43.080193,-89.366695
1961,07:40,07:06,5,80,37,1320,43.092434,-89.352633
1966,07:46,06:58,581,56,null,720,43.078651,-89.384215
1968,07:34,06:58,581,56,27,1320,43.103193,-89.364132
1973,07:44,07:06,5,80,4,1080,43.106619,-89.342812
1975,07:23,06:57,133,19,15,1320,43.099814,-89.34177
1986,07:36,07:06,5,80,2,1320,43.101745,-89.3525
1995,07:27,07:03,133,3,null,1320,43.090159,-89.350906
1996,07:43,06:58,581,56,2,1260,43.084003,-89.378804
2007,07:06,06:56,160,2,11,1320,43.076436,-89.424388
2014,07:24,06:56,160,2,80,1320,43.089239,-89.43376
2018,07:19,06:56,160,2,80,1320,43.086293,-89.435043
2023,07:13,06:56,184,38,80,1320,43.0788,-89.429795
2026,07:20,06:56,160,2,80,1320,43.086248,-89.436661
2027,07:14,06:56,160,2,80,1320,43.080259,-89.428067
2034,07:25,06:56,160,2,80,1320,43.086445,-89.433772
2039,07:23,06:56,160,2,80,1320,43.089158,-89.438057
2041,07:18,06:56,160,2,80,1320,43.084252,-89.433487
2048,07:25,06:56,160,2,80,1320,43.084386,-89.433784
2050,07:28,06:56,160,2,80,1320,43.080886,-89.428351
2054,07:21,06:56,160,2,80,1320,43.086668,-89.441612
2061,07:23,06:56,160,2,80,1320,43.089784,-89.437007
2071,07:23,06:56,160,2,80,1320,43.090501,-89.435587
2076,07:29,06:56,160,2,80,1320,43.079006,-89.429203
2082,07:21,06:56,160,2,80,1320,43.086328,-89.438587
2088,07:00,06:56,184,38,44,1320,43.076759,-89.42577
2091,07:12,06:56,160,2,80,1320,43.076973,-89.428499
2100,07:13,06:56,160,2,15,1320,43.072931,-89.459792
2101,07:30,06:57,133,19,10,1320,43.072707,-89.459545
2105,07:23,06:55,160,12,null,1320,43.050928,-89.444318
2111,07:35,06:56,160,2,67,1320,43.05338,-89.450588
2112,07:04,06:55,160,58,19,1320,43.052792,-89.435692
2114,07:05,06:55,160,58,3,1320,43.050812,-89.446761
2115,07:46,06:56,160,2,67,720,43.055997,-89.472668
2119,07:22,06:55,160,12,null,1320,43.049646,-89.454461
2121,07:35,06:56,160,2,50,1320,43.069331,-89.463074
2125,07:01,06:56,184,38,10,1320,43.077349,-89.428844
2131,07:47,06:56,160,2,50,540,43.074207,-89.433585
2132,07:02,06:55,160,58,19,1320,43.056319,-89.43041
2134,07:12,06:57,133,19,6,1320,43.060857,-89.44179
2137,07:42,06:56,160,2,67,1320,43.064224,-89.433855
2138,07:15,06:56,160,2,14,1320,43.069017,-89.463666
2139,07:13,07:04,692,19,58,1320,43.059202,-89.425646
2145,07:09,06:56,160,2,11,1320,43.076319,-89.412882
2146,07:00,06:56,160,2,19,1320,43.072801,-89.421956
2160,07:32,06:57,133,19,6,1320,43.061046,-89.47261
2161,07:31,06:56,160,2,18,1320,43.05345,-89.45877
2162,07:20,07:03,133,3,14,1320,43.066066,-89.478575
2164,07:08,06:57,133,19,6,1320,43.06803,-89.424141
2169,07:47,06:56,160,2,67,540,43.055667,-89.467891
2174,07:30,07:06,5,80,6,1320,43.055942,-89.442036
2175,07:21,06:57,133,19,10,1320,43.072912,-89.463496
2178,07:22,06:57,133,19,6,1320,43.056051,-89.471866
2180,07:08,06:57,133,19,19,1320,43.064359,-89.425363
2182,07:37,07:06,5,80,6,1320,43.053797,-89.465842
2184,07:12,06:56,160,2,15,1320,43.073101,-89.457163
2187,07:48,06:57,133,19,18,360,43.049987,-89.450858
2191,07:33,06:57,133,19,10,1320,43.075108,-89.450497
2192,07:01,06:56,160,2,10,1320,43.072425,-89.425511
2193,07:07,06:55,160,12,71,1320,43.080312,-89.472636
2195,07:08,06:56,160,2,11,1320,43.076347,-89.416104
2196,07:19,07:03,133,3,14,1320,43.068234,-89.47617
2197,07:08,06:55,160,12,71,1320,43.082424,-89.475082
2199,07:11,06:56,160,2,2,1320,43.071365,-89.454878
2200,07:03,06:55,160,12,71,1320,43.07552,-89.451609
2201,07:34,06:56,160,2,50,1320,43.067897,-89.467949
2202,07:36,07:06,5,80,6,1320,43.053815,-89.463916
2204,07:14,07:03,133,3,14,1320,43.069594,-89.446138
2206,07:14,07:03,133,3,14,1320,43.069577,-89.444076
2212,07:05,06:55,160,58,3,1320,43.051161,-89.444145
2220,07:18,07:03,133,3,15,1320,43.074128,-89.467928
2222,07:34,07:06,5,80,6,1320,43.053764,-89.454673
2224,07:07,06:55,160,58,3,1320,43.049994,-89.457941
2226,07:38,07:06,5,80,6,1320,43.053795,-89.470395
2228,07:18,07:03,133,3,14,1320,43.068236,-89.471467
2231,07:41,06:56,160,2,67,1320,43.06246,-89.436187
2233,07:36,06:56,160,2,67,1320,43.053345,-89.447453
2236,07:19,07:03,133,3,15,1320,43.074349,-89.473533
2246,07:29,07:06,5,80,6,1320,43.057589,-89.442036
2249,07:33,06:56,160,2,50,1320,43.06409,-89.471242
2250,07:16,06:57,133,19,6,1320,43.060997,-89.458083
2253,07:19,06:55,160,12,3,1320,43.04992,-89.467406
2255,07:15,07:04,692,19,58,1320,43.066131,-89.415105
2264,07:13,07:03,133,3,14,1320,43.070311,-89.442139
2265,07:24,06:55,160,12,null,1320,43.051269,-89.439554
2267,07:07,06:56,160,2,11,1320,43.076382,-89.419943
2268,07:02,06:55,160,12,38,1320,43.075431,-89.446473
2270,07:00,06:55,160,12,71,1320,43.07494,-89.43851
2274,07:35,07:06,5,80,6,1320,43.053772,-89.4584
2278,07:19,07:03,133,3,14,1320,43.068261,-89.473849
2282,07:18,07:03,133,3,15,1320,43.073197,-89.467211
2288,07:20,06:57,133,19,10,1320,43.074173,-89.464904
2290,07:01,06:55,160,58,3,1320,43.059319,-89.425918
2302,07:08,06:55,160,58,3,1320,43.050135,-89.467036
2306,07:07,06:57,133,19,19,1320,43.068056,-89.423918
2316,07:31,07:06,5,80,6,1320,43.053677,-89.442035
2320,07:18,06:57,133,19,6,1320,43.061022,-89.465303
2323,07:30,06:56,160,2,18,1320,43.053483,-89.466002
2324,07:25,06:56,160,2,57,1320,43.05178,-89.473751
2336,07:32,07:06,5,80,6,1320,43.053667,-89.447626
2344,07:21,06:57,133,19,6,1320,43.055192,-89.470273
2349,07:12,06:56,160,2,80,1320,43.078388,-89.430227
2357,07:23,06:55,160,12,null,1320,43.05057,-89.447069
2362,07:10,06:56,160,2,2,1320,43.072422,-89.45141
2366,07:18,07:03,133,3,14,1320,43.068219,-89.468887
2370,07:03,06:55,160,12,71,1320,43.075492,-89.456621
2374,07:11,06:57,133,19,6,1320,43.062845,-89.436064
2376,07:14,06:56,160,2,15,1320,43.073082,-89.46373
2377,07:43,06:56,160,2,67,1260,43.067841,-89.42777
2379,07:18,06:55,160,12,3,1320,43.04989,-89.475588
2380,07:02,06:55,160,58,19,1320,43.057412,-89.428756
2383,07:32,06:55,160,58,null,1320,43.048772,-89.473243
2387,07:38,06:56,160,2,67,1320,43.056076,-89.44174
2389,07:13,07:04,692,19,58,1320,43.060885,-89.423091
2390,07:31,07:06,5,80,6,1320,43.053632,-89.444109
2393,07:02,06:56,160,2,10,1320,43.073822,-89.42861
2395,07:31,06:57,133,19,10,1320,43.072904,-89.456953
2397,07:10,06:55,160,12,38,1320,43.072937,-89.467125
2400,07:20,07:03,133,3,14,1320,43.063031,-89.478585
2401,07:32,06:56,160,2,50,1320,43.061234,-89.471956
2417,07:30,06:56,160,2,18,1320,43.053484,-89.463731
2431,07:37,06:56,160,2,67,1320,43.053301,-89.444491
2433,07:22,06:55,160,12,null,1320,43.050077,-89.450611
2435,07:39,06:56,160,2,67,1320,43.057724,-89.44174
2442,06:59,06:56,184,38,44,1320,43.076588,-89.419301
2443,07:16,06:56,184,38,37,1320,43.072497,-89.430856
2447,07:14,07:04,692,19,58,1320,43.062255,-89.420993
2465,07:08,06:55,160,12,14,1320,43.073365,-89.433955
2470,07:12,06:57,133,19,6,1320,43.061037,-89.438532
2472,07:15,06:57,133,19,6,1320,43.060962,-89.454466
2473,07:48,06:56,160,2,50,360,43.07811,-89.433141
2476,07:32,06:56,160,2,18,1320,43.053237,-89.451365
2480,07:09,06:57,133,19,19,1320,43.058459,-89.427473
2488,07:21,06:57,133,19,6,1320,43.056052,-89.468077
2494,07:12,07:03,133,3,14,1320,43.073902,-89.436387
2496,07:11,06:57,133,19,6,1320,43.064502,-89.433867
2499,07:27,06:55,160,12,null,1320,43.05811,-89.427288
2500,07:11,06:56,160,2,2,1320,43.071428,-89.453113
2501,07:40,06:56,160,2,50,1320,43.071195,-89.452743
2505,07:26,06:55,160,12,19,1320,43.053042,-89.434877
2519,07:50,06:56,160,2,11,0,43.060799,-89.461292
2522,07:09,06:55,160,58,57,1320,43.049676,-89.473749
2524,07:00,06:55,160,58,3,1320,43.060679,-89.423844
2532,07:15,07:03,133,3,14,1320,43.068215,-89.450334
2538,07:29,07:06,5,80,6,1320,43.059237,-89.442024
2561,07:05,06:56,184,38,2,1320,43.071996,-89.428227
2562,07:16,07:03,133,3,14,1320,43.06859,-89.452704
2566,06:59,06:55,160,58,3,1320,43.063625,-89.419302
2576,07:03,06:56,184,38,10,1320,43.0746,-89.433906
2593,07:24,06:55,160,12,null,1320,43.051126,-89.441664
2595,07:34,06:57,133,19,10,1320,43.075065,-89.444016
2597,07:20,06:55,160,12,3,1320,43.049921,-89.463235
2605,07:06,06:56,184,38,2,1320,43.072273,-89.424733
2608,06:58,06:55,160,58,3,1320,43.065308,-89.416759
2615,07:32,06:56,160,2,18,1320,43.053451,-89.455055
2620,07:02,06:56,184,38,10,1320,43.078853,-89.430783
2624,07:08,06:57,133,19,19,1320,43.061942,-89.426424
2625,07:47,06:56,160,2,67,540,43.05487,-89.469915
2630,07:05,06:55,160,12,28,1320,43.073268,-89.46773
2634,07:33,06:56,160,2,18,1320,43.049826,-89.451351
2638,07:15,06:57,133,19,6,1320,43.060945,-89.451652
2640,07:07,06:57,133,19,19,1320,43.065487,-89.423943
2642,07:01,06:55,160,12,38,1320,43.075423,-89.441634
2643,07:02,06:56,160,2,10,1320,43.072479,-89.428535
2659,07:40,06:56,160,2,67,1320,43.061081,-89.438051
2665,07:39,07:20,542,3,56,1320,43.050544,-89.473232
2669,07:34,06:56,160,2,50,1320,43.066034,-89.468873
2670,07:09,06:55,160,12,28,1320,43.060536,-89.472313
2672,07:09,06:57,133,19,6,1320,43.06768,-89.429584
2673,07:27,06:55,160,12,null,1320,43.05597,-89.430496
2678,07:06,06:57,133,19,19,1320,43.070966,-89.423894
2684,07:08,06:55,160,12,28,1320,43.063786,-89.472032
2691,07:16,07:03,160,19,6,1320,43.067725,-89.416364
2698,06:59,06:55,160,12,15,1320,43.073911,-89.434584
2700,07:08,06:57,133,19,6,1320,43.067994,-89.42103
2701,07:48,06:56,160,2,11,360,43.059302,-89.468696
2702,07:09,06:57,133,19,6,1320,43.068056,-89.426437
2710,07:09,06:57,133,19,19,1320,43.060196,-89.427325
2714,07:01,06:55,160,12,38,1320,43.075423,-89.443547
2715,07:34,06:57,133,19,10,1320,43.075047,-89.440979
2717,07:07,06:56,184,38,2,1320,43.072703,-89.421178
2718,07:20,07:03,133,3,15,1320,43.074921,-89.477595
2729,07:21,06:55,160,12,null,1320,43.049771,-89.457756
2732,07:07,06:55,160,58,3,1320,43.050136,-89.463421
2734,07:14,06:57,133,19,6,1320,43.060847,-89.447233
2737,07:40,06:56,160,2,67,1320,43.060642,-89.441494
2738,07:19,07:03,133,3,14,1320,43.067525,-89.478576
2741,07:40,06:56,160,2,50,1320,43.071626,-89.450903
2742,07:13,07:03,133,3,14,1320,43.071377,-89.439275
2749,07:15,07:04,692,19,58,1320,43.064475,-89.417574
2752,07:39,06:56,160,2,50,1320,43.071616,-89.45578
2755,07:33,06:57,133,19,10,1320,43.075091,-89.446856
2759,07:26,06:55,160,12,19,1320,43.054869,-89.432175
2762,07:14,07:03,133,3,14,1320,43.068171,-89.447236
2770,07:03,06:56,184,38,10,1320,43.078226,-89.433511
2773,07:44,06:56,160,2,67,1080,43.067824,-89.426054
2778,07:34,07:06,5,80,3,1320,43.050105,-89.474009
2786,07:06,06:55,160,58,3,1320,43.049888,-89.455226
2790,07:06,06:55,160,12,71,1320,43.076572,-89.467794
2798,07:07,06:55,160,12,28,1320,43.067735,-89.468665
2801,07:18,06:55,160,12,3,1320,43.04991,-89.471368
2806,06:59,06:56,160,2,19,1320,43.073321,-89.418215
2812,07:09,06:56,160,2,2,1320,43.074804,-89.451399
2822,07:05,06:56,184,38,2,1320,43.074458,-89.428968
2829,07:49,06:56,160,2,11,180,43.060807,-89.465118
2838,07:02,06:55,160,58,19,1320,43.055209,-89.432064
2840,07:16,07:03,133,3,14,1320,43.069333,-89.454853
2846,07:16,07:03,133,3,15,1320,43.074973,-89.457164
2850,07:07,06:57,133,19,6,1320,43.067958,-89.417191
2856,07:01,06:55,160,58,3,1320,43.058173,-89.427621
2867,07:07,06:55,160,12,71,1320,43.078245,-89.470276
2872,07:06,06:55,160,58,3,1320,43.050148,-89.451586
2874,07:28,07:06,5,80,6,1320,43.060418,-89.442025
2880,07:06,06:57,133,19,19,1320,43.072184,-89.423869
2881,07:27,06:56,160,2,80,1320,43.084225,-89.429092
2883,07:27,06:55,160,12,null,1320,43.057071,-89.42883
2887,07:14,07:04,692,19,58,1320,43.063714,-89.418747
2889,07:38,06:56,160,2,67,1320,43.053811,-89.441739
2890,07:13,06:57,133,19,6,1320,43.060848,-89.443506
2898,07:07,06:55,160,12,28,1320,43.065595,-89.470169
2899,07:14,07:03,160,19,6,1320,43.067806,-89.423388
2902,07:05,06:55,160,12,38,1320,43.074764,-89.464842
2914,07:03,06:55,160,58,19,1320,43.054108,-89.43373
2916,07:09,06:56,184,38,44,1320,43.076794,-89.42919
2918,07:04,06:55,160,58,3,1320,43.051457,-89.439961
2921,07:08,06:56,184,38,2,1320,43.073222,-89.417438
2923,07:32,06:57,133,19,10,1320,43.075152,-89.45625
2925,07:31,06:57,133,19,6,1320,43.056418,-89.472755
2937,07:39,06:56,160,2,67,1320,43.059371,-89.441728
2938,07:16,06:56,160,2,80,1320,43.084145,-89.428759
2939,07:29,06:56,160,2,18,1320,43.053473,-89.469618
2945,07:35,06:57,133,19,10,1320,43.074573,-89.438473
2946,07:09,06:55,160,58,3,1320,43.050134,-89.470578
2948,06:58,06:55,160,58,3,1320,43.066149,-89.415475
2949,07:15,07:03,160,19,6,1320,43.067779,-89.420845
2970,07:00,06:55,160,58,3,1320,43.062219,-89.421475
2972,07:33,07:06,5,80,6,1320,43.053747,-89.451649
2978,06:58,06:56,184,38,44,1320,43.076561,-89.416289
2980,07:17,06:57,133,19,6,1320,43.061005,-89.46102
2982,07:19,06:57,133,19,6,1320,43.059445,-89.469116
2984,07:10,06:55,160,12,6,1320,43.056023,-89.473507
2996,06:57,06:56,184,38,44,1320,43.076534,-89.413067
2998,07:12,07:03,133,3,14,1320,43.071583,-89.436621
3155,07:36,06:57,133,19,5,1320,43.028417,-89.382306
3163,07:43,06:57,133,19,5,1260,43.040035,-89.354352
3195,07:46,07:06,5,80,11,720,43.047429,-89.304367
3222,07:37,06:57,133,19,5,1320,43.031309,-89.381281
3231,07:37,06:57,133,19,5,1320,43.033681,-89.380329
3235,07:35,06:57,133,19,5,1320,43.032304,-89.386819
3241,07:34,07:06,5,80,11,1320,43.042181,-89.369613
3259,07:38,06:57,133,19,5,1320,43.035516,-89.379427
3301,07:40,07:06,5,80,11,1320,43.046911,-89.340722
3351,07:35,07:06,5,80,11,1320,43.0413,-89.360792
3429,07:39,06:57,133,19,5,1320,43.034778,-89.370693
3457,07:37,07:06,5,80,11,1320,43.042308,-89.354115
3500,07:33,06:57,133,19,5,1320,43.038416,-89.379635
3505,07:33,07:06,5,80,11,1320,43.041413,-89.373945
3513,07:38,06:57,133,19,5,1320,43.035406,-89.374603
3600,07:34,06:57,133,19,5,1320,43.034891,-89.385152
3615,07:38,07:06,5,80,11,1320,43.046944,-89.351322
3733,07:39,07:06,5,80,11,1320,43.046949,-89.343881
3811,07:32,07:06,5,80,11,1320,43.038192,-89.378525
3841,07:39,07:06,5,80,11,1320,43.047005,-89.34704
3913,07:40,06:57,133,19,5,1320,43.033371,-89.366314
3931,07:36,07:06,5,80,11,1320,43.040716,-89.35519
3941,07:41,06:57,133,19,5,1320,43.032705,-89.357851
3946,07:34,06:57,133,19,5,1320,43.037379,-89.384682
3962,07:35,06:57,133,19,5,1320,43.033504,-89.388238
4100,07:30,06:57,133,19,4,1320,43.039101,-89.394589
4101,07:22,06:57,133,19,4,1320,43.038752,-89.394861
4108,07:34,07:03,488,44,40,1320,43.035576,-89.416009
4120,07:46,07:06,5,80,48,720,43.00672,-89.391581
4121,07:39,06:57,133,19,19,1320,43.032101,-89.448753
4122,07:34,07:03,488,44,18,1320,43.03441,-89.448729
4129,07:45,06:57,133,19,19,900,43.041188,-89.44714
4131,07:43,07:03,488,44,40,1260,43.03126,-89.405832
4141,07:39,06:57,133,19,19,1320,43.032127,-89.452306
4144,07:35,07:03,488,44,40,1320,43.035711,-89.422215
4151,07:24,06:55,160,12,52,1320,43.020938,-89.477454
4158,07:37,07:03,488,44,18,1320,43.031051,-89.459202
4160,07:41,06:56,160,2,55,1320,42.994627,-89.512341
4171,07:31,06:55,160,12,52,1320,43.024949,-89.475076
4176,07:34,06:56,160,2,18,1320,43.045654,-89.451411
4179,07:36,06:57,133,19,19,1320,43.033406,-89.456329
4191,07:35,06:57,133,19,19,1320,43.028948,-89.456055
4192,07:32,07:03,488,44,40,1320,43.036793,-89.405423
4200,07:27,06:55,160,12,52,1320,43.013488,-89.480827
4202,07:39,07:03,160,19,18,1320,43.02876,-89.456277
4216,07:37,07:03,488,44,40,1320,43.026974,-89.42625
4217,07:45,07:03,160,19,18,900,43.034911,-89.451333
4224,07:39,07:06,5,80,47,1320,43.031029,-89.414468
4257,07:48,06:57,133,19,19,360,43.048539,-89.438332
4258,07:23,06:55,160,12,52,1320,43.023989,-89.47943
4295,07:36,06:57,133,19,19,1320,43.032475,-89.457735
4310,07:46,06:56,160,2,55,720,42.989233,-89.540717
4320,07:45,07:03,488,44,40,900,43.02682,-89.401293
4324,07:35,07:03,488,44,40,1320,43.034529,-89.423104
4325,07:40,07:03,488,44,40,1320,43.02717,-89.414789
4326,07:37,07:03,160,19,18,1320,43.035017,-89.457576
4333,07:34,06:57,133,19,19,1320,43.026468,-89.455437
4340,07:43,06:57,133,19,19,1260,43.037857,-89.446645
4342,07:35,06:56,160,2,18,1320,43.042198,-89.451385
4346,07:15,06:57,133,19,19,1320,43.041232,-89.447486
4347,07:46,06:57,133,19,19,720,43.044044,-89.443476
4354,07:16,06:57,133,19,19,1320,43.038564,-89.451408
4355,07:45,07:03,488,44,18,900,43.039307,-89.450853
4368,07:17,06:57,133,19,19,1320,43.036432,-89.453752
4373,07:41,07:03,488,44,40,1320,43.031136,-89.410841
4382,07:13,06:57,133,19,19,1320,43.048243,-89.439035
4384,07:34,07:03,488,44,18,1320,43.035126,-89.451037
4419,07:43,07:03,488,44,40,1260,43.030598,-89.403105
4437,07:43,07:03,160,19,18,1260,43.032331,-89.457994
4438,07:44,06:57,133,19,19,1080,43.038725,-89.450397
4443,07:50,07:03,488,44,40,0,43.031708,-89.408657
4446,07:37,07:03,488,44,18,1320,43.029045,-89.459522
4450,07:29,06:55,160,12,52,1320,43.020875,-89.476578
4456,07:35,07:03,488,44,18,1320,43.035036,-89.454664
4500,07:39,07:03,160,19,18,1320,43.030944,-89.456698
4501,07:44,06:57,133,19,19,1080,43.039012,-89.450002
4510,07:26,06:55,160,12,52,1320,43.01526,-89.480816
4516,07:33,07:03,488,44,40,1320,43.035245,-89.410642
4523,07:48,07:03,488,44,40,360,43.026722,-89.41226
4539,07:46,07:03,160,19,18,720,43.034367,-89.443227
4549,07:28,06:55,160,12,52,1320,43.016605,-89.475662
4551,07:45,06:57,133,19,18,900,43.042324,-89.450879
4552,07:47,07:06,5,80,48,540,43.007249,-89.394689
4556,07:43,06:56,160,2,55,1260,42.99287,-89.526778
4560,07:33,07:03,488,44,18,1320,43.034554,-89.443979
4572,07:36,07:03,488,44,40,1320,43.029999,-89.425016
4573,07:31,06:57,133,19,19,1320,43.026646,-89.461877
4580,07:40,07:03,160,19,18,1320,43.026665,-89.455808
4582,07:38,06:57,133,19,19,1320,43.034759,-89.453011
4589,07:30,06:55,160,12,52,1320,43.024124,-89.479121
4613,07:39,07:03,488,44,40,1320,43.026589,-89.419082
4641,07:27,06:55,160,12,52,1320,43.012316,-89.478495
4643,07:31,06:55,160,12,52,1320,43.027545,-89.475115
4648,07:48,07:06,5,80,48,360,43.007017,-89.399585
4654,07:21,06:55,160,12,52,1320,43.027876,-89.475596
4655,07:49,06:57,133,19,19,180,43.05067,-89.436987
4663,07:43,07:03,160,19,18,1260,43.031167,-89.458882
4685,07:41,06:57,133,19,19,1320,43.034339,-89.444732
4711,07:27,06:55,160,12,52,1320,43.015047,-89.477671
4714,07:36,07:03,488,44,18,1320,43.032663,-89.45792
4715,07:44,07:03,488,44,40,1080,43.02997,-89.399738
4718,07:12,06:57,133,19,19,1320,43.0505,-89.437246
4722,07:48,07:06,5,80,48,360,43.007054,-89.40368
4732,07:44,06:56,160,2,55,1080,42.990501,-89.534012
4739,07:41,07:03,488,44,40,1320,43.030814,-89.414283
4769,07:33,06:57,133,19,19,1320,43.025304,-89.455807
4770,07:43,06:57,133,19,19,1260,43.037831,-89.443721
4782,07:48,07:06,5,80,47,360,43.035066,-89.422672
4787,07:47,07:06,5,80,47,540,43.034511,-89.414825
4791,07:42,07:03,160,19,18,1320,43.027076,-89.459546
4798,07:35,07:03,488,44,18,1320,43.033666,-89.455922
4806,07:32,06:57,133,19,19,1320,43.026548,-89.459916
4812,07:48,06:56,160,2,55,360,42.988076,-89.552983
4818,07:36,07:03,488,44,40,1320,43.031844,-89.423215
4833,07:25,06:55,160,12,52,1320,43.019157,-89.473937
4837,07:38,07:03,488,44,40,1320,43.026356,-89.423227
4838,07:42,06:56,160,2,55,1320,42.994093,-89.519406
4847,07:32,06:57,133,19,19,1320,43.02465,-89.459532
4848,07:14,06:57,133,19,19,1320,43.043757,-89.444217
4849,07:42,07:03,160,19,18,1320,43.029233,-89.459201
4856,07:40,07:03,160,19,18,1320,43.025654,-89.455536
4861,07:36,06:57,133,19,19,1320,43.031589,-89.456538
4865,07:46,06:57,133,19,18,720,43.046048,-89.450893
4876,07:49,07:06,5,80,47,180,43.035156,-89.425127
4879,07:45,06:57,133,19,19,900,43.040212,-89.448398
4882,07:38,07:06,5,80,47,1320,43.031449,-89.410693
4909,07:37,06:57,133,19,19,1320,43.034964,-89.453998
4916,07:44,06:57,133,19,19,1080,43.037857,-89.448965
4918,07:46,06:56,160,2,55,720,42.988503,-89.546165
4929,07:42,06:57,133,19,19,1320,43.035942,-89.443437
4957,07:40,06:57,133,19,19,1320,43.034652,-89.448409
4964,07:15,06:57,133,19,19,1320,43.03997,-89.449114
4967,07:20,06:57,133,19,19,1320,43.027666,-89.463778
4968,07:49,07:06,5,80,47,180,43.034959,-89.428619
4970,07:46,07:06,5,80,48,720,43.008966,-89.389002
4972,07:22,06:55,160,12,52,1320,43.024555,-89.475359
4988,07:25,06:55,160,12,52,1320,43.016444,-89.475896
4990,07:41,07:03,160,19,18,1320,43.024883,-89.459372
4993,07:29,06:55,160,12,52,1320,43.019435,-89.4739
5100,07:29,06:56,581,2,17,1320,43.112654,-89.358504
5101,07:22,06:56,581,2,17,1320,43.113236,-89.358504
5105,07:40,06:58,581,56,21,1320,43.14502,-89.378184
5109,07:47,06:58,581,56,21,540,43.12877,-89.358748
5125,07:31,06:58,581,56,22,1320,43.116255,-89.363627
5127,07:39,06:58,581,56,21,1320,43.140894,-89.382808
5138,07:35,06:58,581,56,21,1320,43.130016,-89.361119
5142,07:36,06:58,581,56,22,1320,43.133799,-89.373212
5143,07:33,06:58,581,56,21,1320,43.121847,-89.354913
5149,07:47,06:58,581,56,22,540,43.133843,-89.371235
5162,07:48,06:58,581,56,22,360,43.130277,-89.363664
5164,07:34,06:58,581,56,21,1320,43.129128,-89.358711
5173,07:39,06:58,581,56,21,1320,43.143723,-89.382732
5178,07:37,06:58,581,56,22,1320,43.133855,-89.377734
5193,07:32,06:58,581,56,22,1320,43.118762,-89.3636
5197,07:40,06:58,581,56,22,1320,43.134773,-89.396996
5203,07:41,06:58,581,56,22,1320,43.137513,-89.397687
5228,07:49,06:58,581,56,21,180,43.123674,-89.355343
5260,07:37,06:58,581,56,22,1320,43.133856,-89.380576
5287,07:42,06:58,581,56,21,1320,43.142462,-89.363406
5306,07:47,06:58,581,56,21,540,43.129943,-89.358327
5320,07:49,06:58,581,56,21,180,43.125832,-89.355489
5335,07:43,06:58,581,56,21,1260,43.134771,-89.363178
5342,07:38,06:58,581,56,22,1320,43.133875,-89.386296
5346,07:35,06:58,581,56,22,1320,43.132561,-89.367294
5356,07:46,06:58,581,56,21,720,43.130228,-89.355707
5358,07:50,06:58,581,56,22,0,43.12289,-89.363794
5366,07:34,06:58,581,56,22,1320,43.131002,-89.363774
5382,07:49,06:58,581,56,22,180,43.126256,-89.363729
5397,07:43,06:58,581,56,22,1260,43.141738,-89.392569
5407,07:33,06:58,581,56,22,1320,43.123436,-89.363497
5411,07:41,06:58,581,56,21,1320,43.143306,-89.368114
5414,07:36,06:58,581,56,21,1320,43.13421,-89.371185
5421,07:45,06:58,581,56,22,900,43.137948,-89.383316
5427,07:45,06:58,581,56,21,900,43.134579,-89.35558
5432,07:43,06:58,581,56,21,1260,43.137341,-89.363411
5433,07:33,06:58,581,56,21,1320,43.123888,-89.354861
5482,07:38,06:58,581,56,21,1320,43.137392,-89.380388
5520,07:37,06:58,581,56,21,1320,43.136128,-89.376583
5536,07:39,06:58,581,56,22,1320,43.133885,-89.389299
5549,07:45,06:58,581,56,21,900,43.132986,-89.355507
5607,07:40,06:58,581,56,21,1320,43.145315,-89.375255
5625,07:40,06:58,581,56,21,1320,43.145953,-89.382644
5657,07:42,06:58,581,56,22,1320,43.138946,-89.396673
5663,07:45,06:58,581,56,22,900,43.137124,-89.380833
5683,07:33,06:58,581,56,22,1320,43.126059,-89.363445
5705,07:44,06:58,581,56,22,1080,43.139275,-89.387121
5733,07:32,06:58,581,56,20,1320,43.118633,-89.354829
5765,07:39,06:58,581,56,21,1320,43.138423,-89.382921
5777,07:33,06:58,581,56,21,1320,43.125634,-89.354921
5796,07:38,06:58,581,56,22,1320,43.133866,-89.38359
5797,07:40,06:58,581,56,21,1320,43.145594,-89.38047
5815,07:46,06:58,581,56,22,720,43.135743,-89.376621
5823,07:34,06:58,581,56,22,1320,43.129014,-89.363393
5835,07:42,06:58,581,56,22,1320,43.140754,-89.39519
5847,07:41,06:58,581,56,21,1320,43.144561,-89.370288
5856,07:50,06:58,581,56,21,0,43.121292,-89.355271
5865,07:41,06:58,581,56,21,1320,43.144938,-89.373735
5888,07:42,06:58,581,56,21,1320,43.139194,-89.363335
5899,07:48,06:58,581,56,22,360,43.132149,-89.367295
5950,07:39,06:58,581,56,22,1320,43.133895,-89.393067
5993,07:44,06:58,581,56,21,1080,43.134707,-89.360744
6100,07:15,06:55,160,12,38,1320,43.053874,-89.47553
6101,07:11,06:55,160,12,6,1320,43.053874,-89.474974
6106,07:48,06:55,160,12,71,360,43.095966,-89.486157
6109,07:39,06:55,160,12,71,1320,43.087853,-89.504115
6129,07:48,06:57,133,19,6,360,43.060626,-89.491531
6132,07:14,06:55,160,12,71,1320,43.097119,-89.504644
6134,07:13,06:55,160,12,71,1320,43.097219,-89.502113
6138,07:21,06:55,160,12,71,1320,43.093081,-89.529917
6141,07:26,06:55,160,12,71,1320,43.086399,-89.533783
6147,07:11,06:55,160,12,71,1320,43.092418,-89.489611
6149,07:42,07:03,133,3,15,1320,43.079763,-89.524674
6151,07:50,06:57,133,19,6,0,43.060657,-89.481484
6154,07:32,06:56,160,2,73,1320,43.052474,-89.483414
6156,07:14,06:55,160,12,71,1320,43.097027,-89.508682
6159,07:45,06:57,133,19,6,900,43.056859,-89.502622
6163,07:49,07:09,133,2,72,180,43.098317,-89.532012
6165,07:30,07:03,133,3,15,1320,43.077991,-89.524276
6171,07:26,07:09,133,2,72,1320,43.094023,-89.485488
6176,07:24,07:03,133,3,15,1320,43.076717,-89.502201
6182,07:42,07:09,133,2,72,1320,43.103855,-89.536504
6188,07:32,06:56,160,2,73,1320,43.053672,-89.486353
6196,07:37,06:55,160,12,71,1320,43.092998,-89.508912
6197,07:45,07:03,133,3,14,900,43.068319,-89.502166
6204,07:40,06:56,160,2,73,1320,43.051158,-89.514142
6205,07:28,07:09,133,2,72,1320,43.103486,-89.486077
6223,07:49,06:56,160,2,73,180,43.056183,-89.49587
6230,07:47,07:03,133,3,15,540,43.071929,-89.525427
6232,07:37,07:09,133,2,72,1320,43.111471,-89.529574
6240,07:21,06:55,160,12,71,1320,43.093243,-89.526617
6241,07:50,06:56,160,2,73,0,43.054905,-89.491599
6243,07:09,06:55,160,12,71,1320,43.084644,-89.477677
6244,07:24,07:03,133,3,14,1320,43.063418,-89.493237
6246,07:31,07:03,133,3,15,1320,43.080291,-89.525045
6258,07:32,07:03,133,3,15,1320,43.079464,-89.529426
6264,07:33,07:09,133,2,72,1320,43.1117,-89.51064
6265,07:36,07:06,5,80,3,1320,43.051651,-89.481044
6266,07:34,06:56,160,2,73,1320,43.05512,-89.491784
6270,07:44,07:09,133,2,72,1080,43.097137,-89.54037
6273,07:46,06:56,160,2,73,720,43.068707,-89.524065
6276,07:25,07:03,133,3,14,1320,43.061625,-89.497258
6281,07:41,06:57,133,19,6,1320,43.057488,-89.513817
6288,07:30,07:09,133,2,72,1320,43.106685,-89.498394
6291,07:50,06:55,160,12,71,0,43.089287,-89.485669
6296,07:16,06:55,160,12,73,1320,43.053585,-89.480355
6301,07:26,07:09,133,2,72,1320,43.096566,-89.485737
6304,07:20,06:55,160,12,71,1320,43.095477,-89.523721
6313,07:34,06:55,160,12,71,1320,43.094434,-89.516842
6323,07:46,07:03,133,3,14,720,43.067427,-89.496685
6325,07:38,06:55,160,12,71,1320,43.089265,-89.508166
6330,07:25,07:03,133,3,14,1320,43.060936,-89.497529
6332,07:26,07:03,133,3,14,1320,43.060907,-89.500763
6333,07:15,06:55,160,12,71,1320,43.097258,-89.511375
6340,07:22,07:03,133,3,15,1320,43.075319,-89.489002
6342,07:49,06:56,160,2,73,180,43.075013,-89.53137
6350,07:45,06:57,133,19,6,900,43.057423,-89.504005
6351,07:49,07:03,133,3,14,180,43.063194,-89.493076
6355,07:29,06:55,160,12,71,1320,43.087994,-89.532539
6357,07:49,06:56,160,2,73,180,43.056503,-89.499795
6365,07:48,06:56,160,2,73,360,43.072171,-89.525082
6368,07:49,07:03,133,3,15,180,43.065348,-89.52585
6382,07:35,06:56,160,2,73,1320,43.056746,-89.496969
6388,07:31,07:09,133,2,72,1320,43.108948,-89.501496
6400,07:23,07:03,133,3,14,1320,43.063384,-89.489163
6415,07:50,07:09,133,2,72,0,43.098329,-89.527936
6418,07:38,06:57,133,19,6,1320,43.060879,-89.503293
6422,07:36,06:56,160,2,73,1320,43.055462,-89.503262
6423,07:36,07:06,5,80,3,1320,43.053048,-89.480749
6426,07:39,06:57,133,19,6,1320,43.060822,-89.508156
6427,07:33,07:03,133,3,15,1320,43.076983,-89.531237
6435,07:46,07:03,133,3,14,720,43.068052,-89.499043
6438,07:42,07:09,133,2,72,1320,43.102297,-89.536587
6439,07:25,07:09,133,2,72,1320,43.090191,-89.485645
6441,07:36,06:55,160,12,71,1320,43.094411,-89.511173
6445,07:27,07:03,133,3,14,1320,43.064263,-89.502396
6447,07:50,07:03,133,3,14,0,43.063152,-89.489101
6455,07:43,06:56,160,2,73,1260,43.05592,-89.527329
6457,07:45,06:56,160,2,73,900,43.064193,-89.526638
6459,07:47,07:03,133,3,14,540,43.067402,-89.493488
6460,07:28,07:03,133,3,14,1320,43.065677,-89.503447
6464,07:38,06:56,160,2,73,1320,43.050679,-89.508316
6466,07:27,07:03,133,3,15,1320,43.075308,-89.507655
6470,07:18,06:55,160,12,71,1320,43.099043,-89.5197
6474,07:29,07:03,133,3,15,1320,43.075126,-89.523926
6482,07:21,07:03,133,3,14,1320,43.060988,-89.482237
6490,07:43,07:03,133,3,15,1260,43.075877,-89.525273
6504,07:41,06:56,160,2,73,1320,43.054332,-89.520489
6506,07:23,07:03,133,3,15,1320,43.07534,-89.498211
6511,07:33,07:03,133,3,15,1320,43.079184,-89.532735
6516,07:36,06:57,133,19,6,1320,43.060966,-89.492358
6519,07:36,07:03,133,3,15,1320,43.088257,-89.527415
6527,07:30,07:03,133,3,15,1320,43.075627,-89.525013
6533,07:42,06:57,133,19,6,1320,43.057329,-89.510756
6541,07:17,06:55,160,12,3,1320,43.049934,-89.478167
6543,07:42,06:55,160,12,71,1320,43.093289,-89.501726
6551,07:46,06:56,160,2,73,720,43.066666,-89.524
6562,07:22,06:55,160,12,71,1320,43.093409,-89.534399
6564,07:23,07:03,133,3,14,1320,43.063412,-89.48667
6569,07:10,06:55,160,12,71,1320,43.08816,-89.483162
6570,07:27,07:03,133,3,15,1320,43.075206,-89.512532
6585,07:35,07:03,133,3,15,1320,43.085281,-89.532028
6588,07:29,07:03,133,3,15,1320,43.075184,-89.519025
6605,07:48,06:56,160,2,73,360,43.073835,-89.526418
6611,07:40,06:55,160,12,71,1320,43.088445,-89.501942
6628,07:29,07:09,133,2,72,1320,43.104468,-89.493031
6630,07:41,06:56,160,2,73,1320,43.052131,-89.518462
6631,07:41,06:57,133,19,6,1320,43.059198,-89.513486
6632,07:13,06:55,160,12,71,1320,43.097159,-89.498791
6633,07:34,07:03,133,3,15,1320,43.082298,-89.533875
6638,07:35,06:56,160,2,73,1320,43.056717,-89.500363
6652,07:40,07:09,133,2,72,1320,43.107231,-89.536274
6656,07:19,06:55,160,12,71,1320,43.098028,-89.523391
6676,07:28,07:09,133,2,72,1320,43.104596,-89.4874
6678,07:20,07:03,133,3,15,1320,43.07534,-89.481916
6684,07:33,07:09,133,2,72,1320,43.111398,-89.507119
6685,07:48,06:56,160,2,73,360,43.056484,-89.502325
6691,07:27,07:09,133,2,72,1320,43.100371,-89.486074
6698,07:10,06:55,160,12,71,1320,43.090423,-89.486744
6700,07:48,06:56,160,2,73,360,43.075034,-89.527506
6704,07:34,07:09,133,2,72,1320,43.111671,-89.514259
6717,07:45,06:55,160,12,71,900,43.096158,-89.494604
6720,07:39,06:56,160,2,73,1320,43.050793,-89.511044
6724,07:35,06:57,133,19,6,1320,43.060977,-89.486878
6728,07:35,07:06,5,80,3,1320,43.050175,-89.478279
6733,07:31,06:55,160,12,71,1320,43.089941,-89.526664
6748,07:50,07:03,133,3,15,0,43.061363,-89.52772
6771,07:16,06:55,160,12,3,1320,43.051177,-89.481155
6773,07:43,07:03,133,3,14,1260,43.070758,-89.510242
6778,07:41,07:03,133,3,14,1320,43.064036,-89.507518
6780,07:25,07:03,133,3,15,1320,43.081343,-89.506428
6784,07:22,07:03,133,3,15,1320,43.075316,-89.493952
6785,07:36,06:55,160,12,71,1320,43.094224,-89.509617
6787,07:43,06:57,133,19,6,1260,43.05835,-89.509091
6796,07:42,07:03,133,3,15,1320,43.078125,-89.52456
6798,07:17,06:55,160,12,71,1320,43.102602,-89.513172
6800,07:49,07:03,133,3,15,180,43.066603,-89.524543
6805,07:15,06:55,160,12,71,1320,43.098449,-89.511339
6807,07:44,07:03,133,3,14,1080,43.07156,-89.502701
6812,07:48,07:03,133,3,15,360,43.068456,-89.524435
6815,07:42,07:03,133,3,14,1320,43.06656,-89.508336
6820,07:21,07:03,133,3,14,1320,43.061017,-89.478818
6822,07:12,06:55,160,12,71,1320,43.096829,-89.495938
6825,07:33,06:55,160,12,71,1320,43.090556,-89.519244
6835,07:12,06:55,160,12,71,1320,43.095407,-89.493837
6840,07:45,07:03,133,3,15,900,43.073933,-89.527011
6842,07:42,06:56,160,2,73,1320,43.055243,-89.52328
6845,07:48,07:09,133,2,72,360,43.097312,-89.534356
6854,07:25,07:03,133,3,15,1320,43.081265,-89.502663
6860,07:50,07:03,133,3,15,0,43.063637,-89.52739
6867,07:49,06:56,160,2,73,180,43.075236,-89.532691
6868,07:39,07:03,133,3,15,1320,43.086326,-89.524547
6881,07:43,06:55,160,12,71,1260,43.095993,-89.501593
6883,07:46,06:57,133,19,6,720,43.060539,-89.502182
6884,07:38,07:03,133,3,15,1320,43.089728,-89.52475
6885,07:16,06:55,160,12,71,1320,43.101475,-89.511257
6889,07:30,06:55,160,12,71,1320,43.090171,-89.529789
6891,07:44,06:55,160,12,71,1080,43.096845,-89.498507
6894,07:49,06:55,160,12,71,180,43.093745,-89.485932
6899,07:43,06:55,160,12,71,1260,43.096898,-89.501211
6902,07:27,07:03,133,3,15,1320,43.075253,-89.509507
6903,07:47,06:57,133,19,6,540,43.060587,-89.496628
6908,07:40,07:09,133,2,72,1320,43.10962,-89.538094
6910,07:26,07:03,133,3,15,1320,43.080025,-89.509575
6915,07:47,06:55,160,12,71,540,43.096224,-89.488763
6918,07:38,07:03,133,3,15,1320,43.087767,-89.524722
6922,07:36,07:09,133,2,72,1320,43.111558,-89.521435
6923,07:44,06:56,160,2,73,1080,43.060781,-89.527262
6924,07:18,06:55,160,12,71,1320,43.101148,-89.518505
6925,07:45,06:56,160,2,73,900,43.065214,-89.525368
6926,07:40,06:57,133,19,6,1320,43.060226,-89.51582
6938,07:38,06:56,160,2,73,1320,43.050288,-89.503762
6941,07:49,06:57,133,19,6,180,43.060628,-89.487248
6944,07:41,07:03,133,3,15,1320,43.081661,-89.524417
6952,07:31,06:56,160,2,73,1320,43.051678,-89.481698
6958,07:20,06:55,160,12,71,1320,43.09398,-89.525263
6959,07:26,07:03,133,3,14,1320,43.061103,-89.502479
6965,07:31,06:55,160,12,71,1320,43.089961,-89.524158
6981,07:36,07:03,133,3,15,1320,43.086234,-89.528128
6984,07:40,06:57,133,19,6,1320,43.060765,-89.513093
6997,07:22,07:03,133,3,14,1320,43.061148,-89.486359
7100,07:37,06:57,133,19,15,1320,43.098601,-89.322445
7101,07:27,06:57,133,19,15,1320,43.098618,-89.321889
7129,07:50,07:06,5,80,37,0,43.073723,-89.314346
7131,07:48,07:06,5,80,37,360,43.079577,-89.323571
7134,07:46,06:57,133,19,15,720,43.094385,-89.261214
7167,07:38,06:57,133,19,15,1320,43.098334,-89.313368
7169,07:37,06:57,133,19,15,1320,43.098185,-89.31774
7175,07:39,06:57,133,19,15,1320,43.098734,-89.300413
7182,07:46,07:06,5,80,37,720,43.086195,-89.326315
7209,07:39,06:57,133,19,15,1320,43.09858,-89.30728
7233,07:45,06:57,133,19,15,900,43.099403,-89.264055
7296,07:45,07:06,5,80,37,900,43.087494,-89.327412
7326,07:46,06:57,133,19,15,720,43.096893,-89.261999
7381,07:40,06:57,133,19,15,1320,43.098794,-89.296733
7422,07:50,06:57,133,19,15,0,43.084992,-89.267163
7492,07:45,06:57,133,19,15,900,43.098844,-89.261414
7547,07:41,06:57,133,19,15,1320,43.098902,-89.28836
7559,07:49,07:06,5,80,37,180,43.075212,-89.317998
7560,07:48,06:57,133,19,15,360,43.08587,-89.260753
7587,07:44,06:57,133,19,15,1080,43.099311,-89.269884
7620,07:47,06:57,133,19,15,540,43.092004,-89.26143
7633,07:39,06:57,133,19,15,1320,43.098649,-89.304884
7689,07:50,07:06,5,80,37,0,43.073425,-89.311433
7823,07:49,07:06,5,80,37,180,43.0767,-89.319896
7834,07:46,07:06,5,80,37,720,43.083356,-89.325035
7888,07:45,07:06,5,80,37,900,43.089178,-89.32925
7913,07:40,06:57,133,19,15,1320,43.098844,-89.293176
7944,07:48,06:57,133,19,15,360,43.089049,-89.260906
8100,07:20,06:55,160,58,57,1320,43.032042,-89.48917
8118,07:34,06:56,160,2,50,1320,43.037007,-89.477873
8119,07:43,06:56,160,2,50,1260,43.050073,-89.502639
8131,07:42,06:56,160,2,50,1320,43.046501,-89.50303
8134,07:45,06:57,133,19,38,900,43.0325,-89.461769
8137,07:46,06:56,160,2,57,720,43.010895,-89.492172
8138,07:28,06:56,160,2,57,1320,43.041823,-89.477643
8152,07:12,06:55,160,58,null,1320,43.046468,-89.48025
8162,07:24,06:55,160,58,null,1320,43.03875,-89.499702
8163,07:47,06:56,160,2,57,540,43.014916,-89.490634
8164,07:28,06:56,160,2,57,1320,43.041428,-89.48016
8166,07:40,06:56,160,2,50,1320,43.038678,-89.500146
8170,07:16,06:55,160,58,29,1320,43.043815,-89.487676
8184,07:43,06:56,160,2,57,1260,43.015428,-89.503302
8186,07:47,06:57,133,19,38,540,43.032015,-89.468222
8188,07:24,06:55,160,58,50,1320,43.039205,-89.502639
8196,07:39,06:56,160,2,57,1320,43.017617,-89.510064
8219,07:28,06:55,160,58,50,1320,43.046185,-89.49138
8224,07:36,06:56,160,2,57,1320,43.027135,-89.50582
8226,07:46,06:57,133,19,38,720,43.031989,-89.464792
8235,07:30,06:55,160,58,50,1320,43.046254,-89.479263
8236,07:14,06:55,160,58,29,1320,43.046043,-89.488974
8237,07:29,06:55,160,58,50,1320,43.046205,-89.488444
8241,07:31,06:55,160,58,null,1320,43.046282,-89.475511
8253,07:48,06:56,160,2,57,360,43.036581,-89.488434
8255,07:26,06:55,160,58,null,1320,43.046125,-89.502437
8274,07:27,06:56,160,2,57,1320,43.044277,-89.474227
8281,07:39,06:56,160,2,50,1320,43.032127,-89.49677
8297,07:33,06:55,160,12,52,1320,43.03228,-89.476537
8301,07:25,06:55,160,58,50,1320,43.04146,-89.504751
8310,07:46,06:56,160,2,50,720,43.046406,-89.496662
8319,07:49,06:56,160,2,57,180,43.039554,-89.485673
8323,07:49,06:56,160,2,57,180,43.038998,-89.48835
8352,07:36,06:56,160,2,50,1320,43.03209,-89.482915
8359,07:50,06:56,160,2,57,0,43.021428,-89.498609
8371,07:49,06:56,160,2,57,180,43.016219,-89.496531
8376,07:40,06:56,160,2,57,1320,43.016112,-89.511641
8404,07:46,06:57,133,19,38,720,43.031874,-89.462003
8409,07:44,06:56,160,2,50,1080,43.050102,-89.500344
8418,07:26,06:56,160,2,57,1320,43.045755,-89.473722
8427,07:29,06:55,160,58,50,1320,43.046234,-89.484384
8428,07:21,06:55,160,12,52,1320,43.031492,-89.476981
8452,07:34,06:56,160,2,50,1320,43.039307,-89.477838
8473,07:21,06:55,160,58,null,1320,43.032174,-89.493427
8474,07:44,06:57,133,19,38,1080,43.038794,-89.46123
8480,07:37,06:56,160,2,57,1320,43.02266,-89.505617
8484,07:19,06:55,160,58,29,1320,43.032133,-89.484704
8512,07:36,06:56,160,2,50,1320,43.032056,-89.477487
8531,07:28,06:55,160,58,50,1320,43.046166,-89.494034
8565,07:39,06:56,160,2,50,1320,43.035914,-89.496885
8572,07:37,06:56,160,2,57,1320,43.024396,-89.505607
8599,07:49,06:56,160,2,57,180,43.018323,-89.497335
8614,07:29,06:56,160,2,57,1320,43.039286,-89.48613
8616,07:48,06:57,133,19,38,360,43.032049,-89.473773
8626,07:17,06:55,160,58,29,1320,43.03891,-89.485907
8628,07:23,06:55,160,58,null,1320,43.039092,-89.496963
8634,07:33,06:56,160,2,57,1320,43.031957,-89.497301
8650,07:45,06:56,160,2,50,900,43.049826,-89.496086
8661,07:43,06:57,133,19,38,1260,43.038981,-89.464093
8664,07:30,06:56,160,2,57,1320,43.038864,-89.488646
8692,07:45,06:57,133,19,38,900,43.034398,-89.461524
8693,07:27,06:55,160,58,null,1320,43.046156,-89.496613
8712,07:36,06:56,160,2,50,1320,43.032073,-89.480102
8714,07:35,06:56,160,2,57,1320,43.030187,-89.507933
8718,07:44,06:56,160,2,57,1080,43.01276,-89.502645
8721,07:43,06:57,133,19,38,1260,43.038998,-89.467276
8735,07:50,06:56,160,2,57,0,43.04105,-89.485551
8742,07:40,06:57,133,19,38,1320,43.043579,-89.473609
8747,07:46,06:56,160,2,57,720,43.01283,-89.490706
8757,07:22,06:55,160,58,null,1320,43.036185,-89.492789
8769,07:26,06:55,160,58,50,1320,43.044075,-89.503459
8782,07:18,06:55,160,58,29,1320,43.036073,-89.48435
8796,07:35,06:56,160,2,50,1320,43.033596,-89.477328
8816,07:11,06:55,160,58,null,1320,43.046497,-89.475882
8826,07:50,06:57,133,19,38,0,43.031532,-89.488973
8827,07:42,06:57,133,19,38,1320,43.039032,-89.473051
8836,07:38,06:56,160,2,57,1320,43.01871,-89.508573
8845,07:45,06:56,160,2,57,900,43.012467,-89.49855
8862,07:12,06:55,160,58,null,1320,43.046458,-89.484112
8864,07:47,06:56,160,2,57,540,43.015927,-89.491178
8872,07:32,06:56,160,2,57,1320,43.032003,-89.493957
8917,07:22,06:55,160,58,null,1320,43.038933,-89.492743
8919,07:48,06:56,160,2,57,360,43.034522,-89.488507
8920,07:44,06:57,133,19,38,1080,43.036081,-89.461204
8923,07:27,06:55,160,58,null,1320,43.046146,-89.498414
8932,07:17,06:55,160,58,57,1320,43.040924,-89.486489
8934,07:38,06:56,160,2,57,1320,43.019606,-89.507118
8944,07:31,06:56,160,2,57,1320,43.034719,-89.488791
8956,07:30,06:56,160,2,57,1320,43.036858,-89.488719
8958,07:33,06:56,160,2,57,1320,43.031793,-89.501779
8960,07:17,06:55,160,58,29,1320,43.041755,-89.488365
9107,07:33,06:58,581,56,20,1320,43.123779,-89.351007
9113,07:50,06:57,133,19,6,0,43.142305,-89.293663
9135,07:48,07:06,5,80,6,360,43.111081,-89.332975
9147,07:41,06:57,133,19,6,1320,43.148458,-89.286545
9163,07:37,06:57,133,19,6,1320,43.128037,-89.307786
9167,07:48,07:03,133,3,30,360,43.099138,-89.301462
9168,07:39,06:58,581,56,20,1320,43.128496,-89.348803
9169,07:37,06:58,581,56,20,1320,43.137305,-89.346446
9171,07:50,07:06,5,80,6,0,43.117301,-89.330422
9201,07:44,06:58,581,56,20,1080,43.120585,-89.326786
9231,07:48,06:58,581,56,20,360,43.12088,-89.314827
9243,07:50,07:03,133,3,30,0,43.106864,-89.300461
9246,07:48,06:57,133,19,6,360,43.147839,-89.294245
9259,07:43,06:58,581,56,20,1260,43.120106,-89.333333
9339,07:31,06:57,133,19,6,1320,43.109247,-89.335385
9340,07:38,06:58,581,56,20,1320,43.131361,-89.348664
9358,07:47,06:57,133,19,6,540,43.150372,-89.293549
9361,07:37,06:58,581,56,17,1320,43.106146,-89.330795
9381,07:33,06:58,581,56,20,1320,43.121954,-89.353591
9383,07:42,06:58,581,56,20,1320,43.120547,-89.337397
9405,07:49,07:06,5,80,6,180,43.113962,-89.330488
9488,07:39,06:58,581,56,20,1320,43.127494,-89.349323
9493,07:34,06:58,581,56,20,1320,43.12573,-89.349732
9503,07:35,06:58,581,56,20,1320,43.131871,-89.347168
9527,07:50,06:57,133,19,6,0,43.144008,-89.295464
9551,07:46,06:58,581,56,20,720,43.11743,-89.323306
9573,07:34,06:57,133,19,6,1320,43.118942,-89.321031
9595,07:42,06:57,133,19,6,1320,43.152299,-89.286538
9675,07:43,06:58,581,56,20,1260,43.120032,-89.330072
9684,07:43,06:57,133,19,6,1260,43.158163,-89.285747
9685,07:47,06:58,581,56,20,540,43.120909,-89.317372
9719,07:50,06:58,581,56,20,0,43.121258,-89.307155
9729,07:34,06:58,581,56,20,1320,43.127404,-89.348779
9740,07:49,07:03,133,3,34,180,43.107077,-89.33114
9744,07:46,06:57,133,19,6,720,43.150682,-89.290001
9766,07:48,06:57,133,19,6,360,43.146037,-89.291938
9790,07:40,06:58,581,56,20,1320,43.125256,-89.350239
9803,07:42,06:57,133,19,6,1320,43.154599,-89.285272
9811,07:49,07:03,133,3,30,180,43.101386,-89.301421
9817,07:35,06:58,581,56,20,1320,43.129033,-89.348308
9847,07:40,06:58,581,56,20,1320,43.121951,-89.349502
9849,07:49,06:58,581,56,20,180,43.121056,-89.310824
9900,07:44,06:57,133,19,6,1080,43.156741,-89.287653
9989,07:49,07:03,133,3,30,180,43.103954,-89.30054
